road_number,road_temperature,daylight,weather_symbol,roadMaintenanceClass,freeflowspeed,average_speed
847,5.4,1,410,2,75.0,81.0
847,5.4,1,410,3,60.0,63.0
847,5.4,1,410,3,50.0,57.0
15,11.6,1,400,3,74.0,80.0
15,11.6,1,400,2,88.0,84.0
15,11.6,1,400,2,64.0,63.0
15,11.6,1,400,2,83.0,81.0
20,5.6,1,400,2,63.0,62.0
20,5.6,1,400,4,77.0,87.0
20,5.6,1,400,3,95.0,95.0
20,5.6,1,400,3,85.0,84.0
20,5.6,1,400,2,63.0,81.0
21,-1.3,1,400,4,93.0,88.0
21,-1.3,1,400,4,20.0,53.0
21,-1.3,1,400,3,93.0,78.0
21,-1.3,1,400,4,93.0,79.0
21,-1.3,1,400,4,93.0,90.0
9,7.1,1,410,2,77.0,85.0
9,7.1,1,410,2,77.0,82.0
9,7.1,1,410,1,88.0,94.0
9,7.1,1,410,2,77.0,78.0
9,7.1,1,410,2,100.0,96.0
9,7.1,1,410,1,80.0,82.0
9,7.1,1,410,3,88.0,85.0
9,7.1,1,410,4,20.0,49.0
9,7.1,1,410,2,93.0,84.0
9,7.1,1,410,4,65.0,79.0
9,7.1,1,410,2,92.0,95.0
9,7.1,1,410,3,83.0,80.0
9,7.1,1,410,3,87.0,82.0
9,7.1,1,410,2,75.0,83.0
9,7.1,1,410,2,77.0,83.0
9,7.1,1,410,2,75.0,95.0
9,7.1,1,410,2,84.0,84.0
9,7.1,1,410,2,70.0,80.0
9,7.1,1,410,1,77.0,72.0
13,7.6,1,400,3,25.0,45.0
63,5.4,1,410,3,70.0,88.0
63,5.4,1,410,4,70.0,84.0
20,6.0,1,410,2,63.0,62.0
20,6.0,1,410,4,77.0,87.0
20,6.0,1,410,3,95.0,95.0
20,6.0,1,410,3,85.0,84.0
20,6.0,1,410,2,63.0,81.0
79,4.0,1,400,4,50.0,94.0
79,4.0,1,400,3,50.0,78.0
79,4.0,1,400,4,50.0,79.0
8,9.8,1,400,2,77.0,101.0
8,9.8,1,400,2,75.0,82.0
8,9.8,1,400,2,75.0,79.0
8,9.8,1,400,2,70.0,76.0
8,9.8,1,400,2,77.0,93.0
8,9.8,1,400,2,75.0,100.0
8,9.8,1,400,2,90.0,91.0
8,9.8,1,400,3,80.0,88.0
8,9.8,1,400,2,76.0,78.0
8,9.8,1,400,2,77.0,85.0
8,9.8,1,400,3,80.0,85.0
8,9.8,1,400,3,70.0,91.0
8,9.8,1,400,3,70.0,80.0
8,9.8,1,400,1,80.0,77.0
8,9.8,1,400,2,90.0,87.0
8,9.8,1,400,2,80.0,98.0
8,9.8,1,400,2,80.0,91.0
8,9.8,1,400,3,75.0,84.0
8,9.8,1,400,3,75.0,83.0
8,9.8,1,400,3,80.0,84.0
9,8.8,1,420,2,77.0,85.0
9,8.8,1,420,2,77.0,82.0
9,8.8,1,420,1,88.0,94.0
9,8.8,1,420,2,77.0,78.0
9,8.8,1,420,2,100.0,96.0
9,8.8,1,420,1,80.0,82.0
9,8.8,1,420,3,88.0,85.0
9,8.8,1,420,4,20.0,49.0
9,8.8,1,420,2,93.0,84.0
9,8.8,1,420,4,65.0,79.0
9,8.8,1,420,2,92.0,95.0
9,8.8,1,420,3,83.0,80.0
9,8.8,1,420,3,87.0,82.0
9,8.8,1,420,2,75.0,83.0
9,8.8,1,420,2,77.0,83.0
9,8.8,1,420,2,75.0,95.0
9,8.8,1,420,2,84.0,84.0
9,8.8,1,420,2,70.0,80.0
9,8.8,1,420,1,77.0,72.0
63,6.5,1,410,3,70.0,88.0
63,6.5,1,410,4,70.0,84.0
180,9.0,1,410,4,68.0,80.0
180,9.0,1,410,2,68.0,47.0
180,9.0,1,410,4,68.0,75.0
16,8.8,1,400,3,77.0,79.0
16,8.8,1,400,3,77.0,84.0
15,9.8,1,400,3,74.0,80.0
15,9.8,1,400,2,88.0,84.0
15,9.8,1,400,2,64.0,63.0
15,9.8,1,400,2,83.0,81.0
26,10.4,1,400,3,75.0,84.0
9,8.8,1,410,2,77.0,85.0
9,8.8,1,410,2,77.0,82.0
9,8.8,1,410,1,88.0,94.0
9,8.8,1,410,2,77.0,78.0
9,8.8,1,410,2,100.0,96.0
9,8.8,1,410,1,80.0,82.0
9,8.8,1,410,3,88.0,85.0
9,8.8,1,410,4,20.0,49.0
9,8.8,1,410,2,93.0,84.0
9,8.8,1,410,4,65.0,79.0
9,8.8,1,410,2,92.0,95.0
9,8.8,1,410,3,83.0,80.0
9,8.8,1,410,3,87.0,82.0
9,8.8,1,410,2,75.0,83.0
9,8.8,1,410,2,77.0,83.0
9,8.8,1,410,2,75.0,95.0
9,8.8,1,410,2,84.0,84.0
9,8.8,1,410,2,70.0,80.0
9,8.8,1,410,1,77.0,72.0
20,3.3,1,412,2,63.0,62.0
20,3.3,1,412,4,77.0,87.0
20,3.3,1,412,3,95.0,95.0
20,3.3,1,412,3,85.0,84.0
20,3.3,1,412,2,63.0,81.0
4,3.8,1,300,1,63.0,99.0
4,3.8,1,300,1,63.0,103.0
4,3.8,1,300,1,100.0,106.0
4,3.8,1,300,1,100.0,97.0
4,3.8,1,300,1,105.0,103.0
4,3.8,1,300,1,105.0,103.0
4,3.8,1,300,1,96.0,97.0
4,3.8,1,300,1,95.0,111.0
4,3.8,1,300,2,75.0,84.0
4,3.8,1,300,1,95.0,104.0
4,3.8,1,300,1,80.0,102.0
4,3.8,1,300,2,85.0,88.0
4,3.8,1,300,1,95.0,105.0
4,3.8,1,300,2,70.0,86.0
4,3.8,1,300,1,75.0,82.0
4,3.8,1,300,2,70.0,83.0
4,3.8,1,300,2,83.0,95.0
4,3.8,1,300,1,60.0,63.0
4,3.8,1,300,2,45.0,81.0
4,3.8,1,300,1,88.0,101.0
4,3.8,1,300,2,95.0,99.0
4,3.8,1,300,2,77.0,85.0
4,3.8,1,300,1,105.0,107.0
4,3.8,1,300,2,77.0,96.0
4,3.8,1,300,3,85.0,96.0
4,3.8,1,300,1,88.0,89.0
4,3.8,1,300,2,65.0,68.0
4,3.8,1,300,1,83.0,97.0
4,3.8,1,300,1,83.0,104.0
4,3.8,1,300,3,73.0,84.0
4,3.8,1,300,1,77.0,100.0
4,3.8,1,300,2,77.0,83.0
4,3.8,1,300,2,88.0,104.0
4,3.8,1,300,3,73.0,85.0
4,3.8,1,300,1,88.0,91.0
4,3.8,1,300,1,93.0,98.0
4,3.8,1,300,1,83.0,101.0
4,3.8,1,300,1,88.0,32.0
4,3.8,1,300,1,80.0,98.0
4,3.8,1,300,1,77.0,98.0
4,3.8,1,300,1,88.0,96.0
4,3.8,1,300,3,60.0,84.0
4,3.8,1,300,4,65.0,96.0
4,3.8,1,300,4,92.0,80.0
4,3.8,1,300,2,60.0,92.0
4,3.8,1,300,5,20.0,24.0
4,3.8,1,300,4,60.0,100.0
4,3.8,1,300,4,60.0,58.0
4,3.8,1,300,3,60.0,79.0
4,3.8,1,300,2,60.0,108.0
4,3.8,1,300,2,60.0,106.0
4,3.8,1,300,2,60.0,92.0
4,3.8,1,300,2,60.0,102.0
4,3.8,1,300,2,60.0,103.0
4,3.8,1,300,2,60.0,98.0
4,3.8,1,300,3,60.0,67.0
4,3.8,1,300,3,60.0,60.0
4,3.8,1,300,3,92.0,82.0
63,7.0,1,400,3,70.0,88.0
63,7.0,1,400,4,70.0,84.0
79,2.0,1,400,4,50.0,94.0
79,2.0,1,400,3,50.0,78.0
79,2.0,1,400,4,50.0,79.0
21,2.5,1,400,4,93.0,95.0
21,2.5,1,400,4,20.0,53.0
21,2.5,1,400,3,93.0,75.0
21,2.5,1,400,4,93.0,79.0
21,2.5,1,400,4,93.0,90.0
20,2.3,1,412,2,63.0,63.0
20,2.3,1,412,4,77.0,87.0
20,2.3,1,412,3,95.0,97.0
20,2.3,1,412,3,85.0,84.0
20,2.3,1,412,2,63.0,82.0
16,7.7,1,400,3,77.0,79.0
16,7.7,1,400,3,77.0,84.0
21,2.0,1,200,4,93.0,95.0
21,2.0,1,200,4,20.0,53.0
21,2.0,1,200,3,93.0,75.0
21,2.0,1,200,4,93.0,79.0
21,2.0,1,200,4,93.0,90.0
13,8.6,1,410,3,25.0,45.0
23,7.9,1,400,3,94.0,79.0
23,7.9,1,400,4,93.0,81.0
23,7.9,1,400,4,95.0,91.0
23,7.9,1,400,3,70.0,87.0
5,6.3,1,400,2,78.0,100.0
5,6.3,1,400,3,88.0,82.0
5,6.3,1,400,2,85.0,84.0
5,6.3,1,400,2,83.0,100.0
4,5.2,1,200,1,63.0,99.0
4,5.2,1,200,1,63.0,103.0
4,5.2,1,200,1,100.0,106.0
4,5.2,1,200,1,100.0,97.0
4,5.2,1,200,1,105.0,103.0
4,5.2,1,200,1,105.0,105.0
4,5.2,1,200,1,96.0,97.0
4,5.2,1,200,1,95.0,111.0
4,5.2,1,200,2,75.0,84.0
4,5.2,1,200,1,95.0,104.0
4,5.2,1,200,1,80.0,102.0
4,5.2,1,200,2,85.0,88.0
4,5.2,1,200,1,95.0,105.0
4,5.2,1,200,2,70.0,86.0
4,5.2,1,200,1,75.0,82.0
4,5.2,1,200,2,70.0,83.0
4,5.2,1,200,2,83.0,95.0
4,5.2,1,200,1,60.0,63.0
4,5.2,1,200,2,45.0,81.0
4,5.2,1,200,1,88.0,101.0
4,5.2,1,200,2,95.0,99.0
4,5.2,1,200,2,77.0,85.0
4,5.2,1,200,1,105.0,107.0
4,5.2,1,200,2,77.0,96.0
4,5.2,1,200,3,85.0,96.0
4,5.2,1,200,1,88.0,88.0
4,5.2,1,200,2,65.0,68.0
4,5.2,1,200,1,83.0,97.0
4,5.2,1,200,1,83.0,104.0
4,5.2,1,200,3,73.0,84.0
4,5.2,1,200,1,77.0,100.0
4,5.2,1,200,2,77.0,83.0
4,5.2,1,200,2,88.0,104.0
4,5.2,1,200,3,73.0,85.0
4,5.2,1,200,1,88.0,92.0
4,5.2,1,200,1,93.0,96.0
4,5.2,1,200,1,83.0,101.0
4,5.2,1,200,1,88.0,32.0
4,5.2,1,200,1,80.0,98.0
4,5.2,1,200,1,77.0,98.0
4,5.2,1,200,1,88.0,96.0
4,5.2,1,200,3,60.0,84.0
4,5.2,1,200,4,65.0,96.0
4,5.2,1,200,4,92.0,80.0
4,5.2,1,200,2,60.0,92.0
4,5.2,1,200,5,20.0,24.0
4,5.2,1,200,4,60.0,100.0
4,5.2,1,200,4,60.0,58.0
4,5.2,1,200,3,60.0,79.0
4,5.2,1,200,2,60.0,108.0
4,5.2,1,200,2,60.0,106.0
4,5.2,1,200,2,60.0,92.0
4,5.2,1,200,2,60.0,102.0
4,5.2,1,200,2,60.0,103.0
4,5.2,1,200,2,60.0,98.0
4,5.2,1,200,3,60.0,67.0
4,5.2,1,200,3,60.0,60.0
4,5.2,1,200,3,92.0,82.0
91,6.7,1,200,6,20.0,23.0
78,5.5,1,400,4,77.0,83.0
78,5.5,1,400,6,92.0,84.0
78,5.5,1,400,4,67.0,86.0
78,5.5,1,400,3,67.0,63.0
23,8.8,1,400,3,94.0,79.0
23,8.8,1,400,4,93.0,81.0
23,8.8,1,400,4,95.0,91.0
23,8.8,1,400,3,70.0,87.0
12,8.1,1,400,2,80.0,85.0
12,8.1,1,400,3,70.0,80.0
12,8.1,1,400,2,77.0,75.0
12,8.1,1,400,3,77.0,80.0
12,8.1,1,400,2,83.0,82.0
12,8.1,1,400,1,55.0,67.0
12,8.1,1,400,1,53.0,57.0
8,4.7,1,410,2,77.0,101.0
8,4.7,1,410,2,75.0,82.0
8,4.7,1,410,2,75.0,79.0
8,4.7,1,410,2,70.0,76.0
8,4.7,1,410,2,77.0,93.0
8,4.7,1,410,2,75.0,100.0
8,4.7,1,410,2,90.0,94.0
8,4.7,1,410,3,80.0,88.0
8,4.7,1,410,2,76.0,78.0
8,4.7,1,410,2,77.0,85.0
8,4.7,1,410,3,80.0,85.0
8,4.7,1,410,3,70.0,91.0
8,4.7,1,410,3,70.0,80.0
8,4.7,1,410,1,80.0,77.0
8,4.7,1,410,2,90.0,87.0
8,4.7,1,410,2,80.0,98.0
8,4.7,1,410,2,80.0,91.0
8,4.7,1,410,3,75.0,84.0
8,4.7,1,410,3,75.0,83.0
8,4.7,1,410,3,80.0,84.0
10,14.5,1,400,3,77.0,85.0
10,14.5,1,400,2,61.0,63.0
10,14.5,1,400,2,80.0,85.0
10,14.5,1,400,3,83.0,88.0
5,7.5,1,420,2,78.0,100.0
5,7.5,1,420,3,88.0,82.0
5,7.5,1,420,2,85.0,84.0
5,7.5,1,420,2,83.0,100.0
75,8.5,1,420,4,96.0,94.0
75,8.5,1,420,4,72.0,81.0
75,8.5,1,420,2,70.0,81.0
75,8.5,1,420,4,93.0,74.0
180,11.7,1,410,4,68.0,80.0
180,11.7,1,410,2,68.0,47.0
180,11.7,1,410,4,68.0,75.0
12,8.7,1,400,2,80.0,85.0
12,8.7,1,400,3,70.0,80.0
12,8.7,1,400,2,77.0,75.0
12,8.7,1,400,3,77.0,80.0
12,8.7,1,400,2,83.0,82.0
12,8.7,1,400,1,55.0,67.0
12,8.7,1,400,1,53.0,57.0
8,5.3,1,420,2,77.0,101.0
8,5.3,1,420,2,75.0,82.0
8,5.3,1,420,2,75.0,79.0
8,5.3,1,420,2,70.0,76.0
8,5.3,1,420,2,77.0,93.0
8,5.3,1,420,2,75.0,100.0
8,5.3,1,420,2,90.0,94.0
8,5.3,1,420,3,80.0,88.0
8,5.3,1,420,2,76.0,78.0
8,5.3,1,420,2,77.0,85.0
8,5.3,1,420,3,80.0,85.0
8,5.3,1,420,3,70.0,91.0
8,5.3,1,420,3,70.0,80.0
8,5.3,1,420,1,80.0,77.0
8,5.3,1,420,2,90.0,87.0
8,5.3,1,420,2,80.0,98.0
8,5.3,1,420,2,80.0,91.0
8,5.3,1,420,3,75.0,84.0
8,5.3,1,420,3,75.0,83.0
8,5.3,1,420,3,80.0,84.0
23,8.8,1,300,3,94.0,79.0
23,8.8,1,300,4,93.0,81.0
23,8.8,1,300,4,95.0,91.0
23,8.8,1,300,3,70.0,87.0
5,5.7,1,411,2,78.0,100.0
5,5.7,1,411,3,88.0,82.0
5,5.7,1,411,2,85.0,84.0
5,5.7,1,411,2,83.0,100.0
170,16.8,1,300,4,65.0,70.0
170,16.8,1,300,2,79.0,71.0
170,16.8,1,300,4,65.0,83.0
170,16.8,1,300,4,50.0,63.0
170,16.8,1,300,3,75.0,91.0
170,16.8,1,300,4,83.0,80.0
51,12.5,1,400,1,90.0,78.0
51,12.5,1,400,1,90.0,82.0
51,12.5,1,400,1,80.0,76.0
51,12.5,1,400,1,90.0,73.0
51,12.5,1,400,2,85.0,84.0
51,12.5,1,400,1,80.0,100.0
51,12.5,1,400,1,80.0,97.0
79,4.0,1,412,4,50.0,94.0
79,4.0,1,412,3,50.0,78.0
79,4.0,1,412,4,50.0,79.0
12,8.1,1,400,2,80.0,85.0
12,8.1,1,400,3,70.0,80.0
12,8.1,1,400,2,77.0,75.0
12,8.1,1,400,3,77.0,80.0
12,8.1,1,400,2,83.0,82.0
12,8.1,1,400,1,55.0,67.0
12,8.1,1,400,1,53.0,57.0
75,8.0,1,300,4,96.0,94.0
75,8.0,1,300,4,72.0,81.0
75,8.0,1,300,2,70.0,81.0
75,8.0,1,300,4,93.0,74.0
130,11.1,1,400,3,77.0,82.0
130,11.1,1,400,2,89.0,83.0
65,8.6,1,400,1,77.0,82.0
65,8.6,1,400,1,70.0,79.0
65,8.6,1,400,1,50.0,57.0
79,5.0,1,400,4,50.0,94.0
79,5.0,1,400,3,50.0,78.0
79,5.0,1,400,4,50.0,79.0
79,3.0,1,422,4,50.0,94.0
79,3.0,1,422,3,50.0,78.0
79,3.0,1,422,4,50.0,79.0
21,4.0,1,400,4,93.0,95.0
21,4.0,1,400,4,20.0,53.0
21,4.0,1,400,3,93.0,75.0
21,4.0,1,400,4,93.0,79.0
21,4.0,1,400,4,93.0,90.0
73,10.0,1,410,3,75.0,61.0
5,6.2,1,420,2,78.0,100.0
5,6.2,1,420,3,88.0,82.0
5,6.2,1,420,2,85.0,84.0
5,6.2,1,420,2,83.0,100.0
40,13.1,1,400,2,76.0,73.0
40,13.1,1,400,2,75.0,90.0
40,13.1,1,400,2,88.0,96.0
40,13.1,1,400,2,55.0,61.0
6,7.8,1,400,2,83.0,86.0
6,7.8,1,400,2,87.0,92.0
6,7.8,1,400,2,77.0,94.0
6,7.8,1,400,3,83.0,83.0
6,7.8,1,400,2,75.0,81.0
6,7.8,1,400,2,85.0,101.0
6,7.8,1,400,2,88.0,99.0
6,7.8,1,400,2,90.0,100.0
6,7.8,1,400,2,90.0,98.0
6,7.8,1,400,2,90.0,101.0
6,7.8,1,400,2,90.0,102.0
6,7.8,1,400,2,90.0,100.0
6,7.8,1,400,2,90.0,100.0
6,7.8,1,400,2,90.0,100.0
6,7.8,1,400,2,90.0,100.0
6,7.8,1,400,2,83.0,84.0
6,7.8,1,400,2,88.0,100.0
6,7.8,1,400,2,80.0,86.0
6,7.8,1,400,2,80.0,82.0
6,7.8,1,400,2,80.0,80.0
6,7.8,1,400,4,95.0,98.0
6,7.8,1,400,2,75.0,80.0
6,7.8,1,400,2,75.0,86.0
6,7.8,1,400,4,75.0,88.0
6,7.8,1,400,2,75.0,82.0
6,7.8,1,400,3,70.0,86.0
5,8.3,1,420,2,78.0,100.0
5,8.3,1,420,3,88.0,82.0
5,8.3,1,420,2,85.0,84.0
5,8.3,1,420,2,83.0,100.0
75,9.0,1,410,4,96.0,94.0
75,9.0,1,410,4,72.0,81.0
75,9.0,1,410,2,70.0,81.0
75,9.0,1,410,4,93.0,74.0
16,6.6,1,410,3,77.0,79.0
16,6.6,1,410,3,77.0,84.0
92,6.0,1,100,6,50.0,52.0
92,6.0,1,100,6,20.0,64.0
9,7.4,1,410,2,77.0,85.0
9,7.4,1,410,2,77.0,83.0
9,7.4,1,410,1,88.0,96.0
9,7.4,1,410,2,77.0,79.0
9,7.4,1,410,2,100.0,99.0
9,7.4,1,410,1,80.0,80.0
9,7.4,1,410,3,88.0,85.0
9,7.4,1,410,4,20.0,49.0
9,7.4,1,410,2,93.0,84.0
9,7.4,1,410,4,65.0,79.0
9,7.4,1,410,2,92.0,93.0
9,7.4,1,410,3,83.0,80.0
9,7.4,1,410,3,87.0,82.0
9,7.4,1,410,2,75.0,83.0
9,7.4,1,410,2,77.0,83.0
9,7.4,1,410,2,75.0,95.0
9,7.4,1,410,2,84.0,84.0
9,7.4,1,410,2,70.0,80.0
9,7.4,1,410,1,77.0,72.0
4,4.0,1,400,1,63.0,99.0
4,4.0,1,400,1,63.0,103.0
4,4.0,1,400,1,100.0,106.0
4,4.0,1,400,1,100.0,97.0
4,4.0,1,400,1,105.0,103.0
4,4.0,1,400,1,105.0,105.0
4,4.0,1,400,1,96.0,97.0
4,4.0,1,400,1,95.0,111.0
4,4.0,1,400,2,75.0,84.0
4,4.0,1,400,1,95.0,104.0
4,4.0,1,400,1,80.0,102.0
4,4.0,1,400,2,85.0,88.0
4,4.0,1,400,1,95.0,105.0
4,4.0,1,400,2,70.0,86.0
4,4.0,1,400,1,75.0,82.0
4,4.0,1,400,2,70.0,83.0
4,4.0,1,400,2,83.0,95.0
4,4.0,1,400,1,60.0,63.0
4,4.0,1,400,2,45.0,81.0
4,4.0,1,400,1,88.0,101.0
4,4.0,1,400,2,95.0,99.0
4,4.0,1,400,2,77.0,85.0
4,4.0,1,400,1,105.0,107.0
4,4.0,1,400,2,77.0,96.0
4,4.0,1,400,3,85.0,96.0
4,4.0,1,400,1,88.0,93.0
4,4.0,1,400,2,65.0,68.0
4,4.0,1,400,1,83.0,99.0
4,4.0,1,400,1,83.0,103.0
4,4.0,1,400,3,73.0,84.0
4,4.0,1,400,1,77.0,98.0
4,4.0,1,400,2,77.0,83.0
4,4.0,1,400,2,88.0,105.0
4,4.0,1,400,3,73.0,85.0
4,4.0,1,400,1,88.0,92.0
4,4.0,1,400,1,93.0,96.0
4,4.0,1,400,1,83.0,102.0
4,4.0,1,400,1,88.0,32.0
4,4.0,1,400,1,80.0,98.0
4,4.0,1,400,1,77.0,97.0
4,4.0,1,400,1,88.0,94.0
4,4.0,1,400,3,60.0,84.0
4,4.0,1,400,4,65.0,96.0
4,4.0,1,400,4,92.0,80.0
4,4.0,1,400,2,60.0,91.0
4,4.0,1,400,5,20.0,24.0
4,4.0,1,400,4,60.0,100.0
4,4.0,1,400,4,60.0,58.0
4,4.0,1,400,3,60.0,79.0
4,4.0,1,400,2,60.0,102.0
4,4.0,1,400,2,60.0,108.0
4,4.0,1,400,2,60.0,92.0
4,4.0,1,400,2,60.0,103.0
4,4.0,1,400,2,60.0,104.0
4,4.0,1,400,2,60.0,100.0
4,4.0,1,400,3,60.0,67.0
4,4.0,1,400,3,60.0,60.0
4,4.0,1,400,3,92.0,82.0
78,2.2,1,422,4,77.0,83.0
78,2.2,1,422,6,92.0,84.0
78,2.2,1,422,4,67.0,86.0
78,2.2,1,422,3,67.0,63.0
2,9.2,1,400,1,88.0,97.0
2,9.2,1,400,2,85.0,84.0
2,9.2,1,400,2,70.0,79.0
2,9.2,1,400,2,80.0,101.0
2,9.2,1,400,2,75.0,87.0
130,10.7,1,400,3,77.0,82.0
130,10.7,1,400,2,89.0,83.0
10,11.7,1,410,3,77.0,85.0
10,11.7,1,410,2,61.0,63.0
10,11.7,1,410,2,80.0,85.0
10,11.7,1,410,3,83.0,88.0
12,9.1,1,400,2,80.0,85.0
12,9.1,1,400,3,70.0,80.0
12,9.1,1,400,2,77.0,75.0
12,9.1,1,400,3,77.0,80.0
12,9.1,1,400,2,83.0,83.0
12,9.1,1,400,1,55.0,66.0
12,9.1,1,400,1,53.0,56.0
44,8.0,1,400,3,70.0,80.0
18,8.0,1,400,3,90.0,85.0
18,8.0,1,400,2,77.0,82.0
18,8.0,1,400,2,76.0,81.0
18,8.0,1,400,3,70.0,86.0
18,8.0,1,400,3,77.0,79.0
18,8.0,1,400,2,77.0,82.0
18,8.0,1,400,3,70.0,84.0
18,8.0,1,400,2,76.0,79.0
18,8.0,1,400,3,70.0,53.0
18,8.0,1,400,3,70.0,77.0
21,2.5,1,422,4,93.0,95.0
21,2.5,1,422,4,20.0,53.0
21,2.5,1,422,3,93.0,75.0
21,2.5,1,422,4,93.0,79.0
21,2.5,1,422,4,93.0,90.0
9,6.3,1,420,2,77.0,85.0
9,6.3,1,420,2,77.0,83.0
9,6.3,1,420,1,88.0,96.0
9,6.3,1,420,2,77.0,79.0
9,6.3,1,420,2,100.0,99.0
9,6.3,1,420,1,80.0,80.0
9,6.3,1,420,3,88.0,85.0
9,6.3,1,420,4,20.0,49.0
9,6.3,1,420,2,93.0,84.0
9,6.3,1,420,4,65.0,79.0
9,6.3,1,420,2,92.0,93.0
9,6.3,1,420,3,83.0,80.0
9,6.3,1,420,3,87.0,82.0
9,6.3,1,420,2,75.0,83.0
9,6.3,1,420,2,77.0,83.0
9,6.3,1,420,2,75.0,95.0
9,6.3,1,420,2,84.0,84.0
9,6.3,1,420,2,70.0,80.0
9,6.3,1,420,1,77.0,72.0
4,10.0,1,400,1,63.0,99.0
4,10.0,1,400,1,63.0,103.0
4,10.0,1,400,1,100.0,106.0
4,10.0,1,400,1,100.0,97.0
4,10.0,1,400,1,105.0,103.0
4,10.0,1,400,1,105.0,105.0
4,10.0,1,400,1,96.0,97.0
4,10.0,1,400,1,95.0,111.0
4,10.0,1,400,2,75.0,84.0
4,10.0,1,400,1,95.0,104.0
4,10.0,1,400,1,80.0,102.0
4,10.0,1,400,2,85.0,88.0
4,10.0,1,400,1,95.0,105.0
4,10.0,1,400,2,70.0,86.0
4,10.0,1,400,1,75.0,82.0
4,10.0,1,400,2,70.0,83.0
4,10.0,1,400,2,83.0,95.0
4,10.0,1,400,1,60.0,63.0
4,10.0,1,400,2,45.0,81.0
4,10.0,1,400,1,88.0,101.0
4,10.0,1,400,2,95.0,99.0
4,10.0,1,400,2,77.0,85.0
4,10.0,1,400,1,105.0,107.0
4,10.0,1,400,2,77.0,96.0
4,10.0,1,400,3,85.0,96.0
4,10.0,1,400,1,88.0,93.0
4,10.0,1,400,2,65.0,68.0
4,10.0,1,400,1,83.0,99.0
4,10.0,1,400,1,83.0,103.0
4,10.0,1,400,3,73.0,84.0
4,10.0,1,400,1,77.0,98.0
4,10.0,1,400,2,77.0,83.0
4,10.0,1,400,2,88.0,105.0
4,10.0,1,400,3,73.0,85.0
4,10.0,1,400,1,88.0,92.0
4,10.0,1,400,1,93.0,96.0
4,10.0,1,400,1,83.0,102.0
4,10.0,1,400,1,88.0,32.0
4,10.0,1,400,1,80.0,98.0
4,10.0,1,400,1,77.0,97.0
4,10.0,1,400,1,88.0,94.0
4,10.0,1,400,3,60.0,84.0
4,10.0,1,400,4,65.0,96.0
4,10.0,1,400,4,92.0,80.0
4,10.0,1,400,2,60.0,91.0
4,10.0,1,400,5,20.0,24.0
4,10.0,1,400,4,60.0,100.0
4,10.0,1,400,4,60.0,58.0
4,10.0,1,400,3,60.0,79.0
4,10.0,1,400,2,60.0,102.0
4,10.0,1,400,2,60.0,108.0
4,10.0,1,400,2,60.0,92.0
4,10.0,1,400,2,60.0,103.0
4,10.0,1,400,2,60.0,104.0
4,10.0,1,400,2,60.0,100.0
4,10.0,1,400,3,60.0,67.0
4,10.0,1,400,3,60.0,60.0
4,10.0,1,400,3,92.0,82.0
20,4.4,1,400,2,63.0,63.0
20,4.4,1,400,4,77.0,87.0
20,4.4,1,400,3,95.0,97.0
20,4.4,1,400,3,85.0,84.0
20,4.4,1,400,2,63.0,81.0
4,2.1,1,411,1,63.0,99.0
4,2.1,1,411,1,63.0,103.0
4,2.1,1,411,1,100.0,106.0
4,2.1,1,411,1,100.0,97.0
4,2.1,1,411,1,105.0,103.0
4,2.1,1,411,1,105.0,105.0
4,2.1,1,411,1,96.0,97.0
4,2.1,1,411,1,95.0,111.0
4,2.1,1,411,2,75.0,84.0
4,2.1,1,411,1,95.0,104.0
4,2.1,1,411,1,80.0,102.0
4,2.1,1,411,2,85.0,88.0
4,2.1,1,411,1,95.0,105.0
4,2.1,1,411,2,70.0,86.0
4,2.1,1,411,1,75.0,82.0
4,2.1,1,411,2,70.0,83.0
4,2.1,1,411,2,83.0,95.0
4,2.1,1,411,1,60.0,63.0
4,2.1,1,411,2,45.0,81.0
4,2.1,1,411,1,88.0,101.0
4,2.1,1,411,2,95.0,99.0
4,2.1,1,411,2,77.0,85.0
4,2.1,1,411,1,105.0,107.0
4,2.1,1,411,2,77.0,96.0
4,2.1,1,411,3,85.0,96.0
4,2.1,1,411,1,88.0,93.0
4,2.1,1,411,2,65.0,68.0
4,2.1,1,411,1,83.0,99.0
4,2.1,1,411,1,83.0,103.0
4,2.1,1,411,3,73.0,84.0
4,2.1,1,411,1,77.0,98.0
4,2.1,1,411,2,77.0,83.0
4,2.1,1,411,2,88.0,105.0
4,2.1,1,411,3,73.0,85.0
4,2.1,1,411,1,88.0,92.0
4,2.1,1,411,1,93.0,96.0
4,2.1,1,411,1,83.0,102.0
4,2.1,1,411,1,88.0,32.0
4,2.1,1,411,1,80.0,98.0
4,2.1,1,411,1,77.0,97.0
4,2.1,1,411,1,88.0,94.0
4,2.1,1,411,3,60.0,84.0
4,2.1,1,411,4,65.0,96.0
4,2.1,1,411,4,92.0,80.0
4,2.1,1,411,2,60.0,91.0
4,2.1,1,411,5,20.0,24.0
4,2.1,1,411,4,60.0,100.0
4,2.1,1,411,4,60.0,58.0
4,2.1,1,411,3,60.0,79.0
4,2.1,1,411,2,60.0,102.0
4,2.1,1,411,2,60.0,108.0
4,2.1,1,411,2,60.0,92.0
4,2.1,1,411,2,60.0,103.0
4,2.1,1,411,2,60.0,104.0
4,2.1,1,411,2,60.0,100.0
4,2.1,1,411,3,60.0,67.0
4,2.1,1,411,3,60.0,60.0
4,2.1,1,411,3,92.0,82.0
21,0.8,1,422,4,93.0,95.0
21,0.8,1,422,4,20.0,53.0
21,0.8,1,422,3,93.0,75.0
21,0.8,1,422,4,93.0,79.0
21,0.8,1,422,4,93.0,90.0
77,7.0,1,420,4,93.0,85.0
77,7.0,1,420,4,77.0,93.0
4,2.6,1,422,1,63.0,99.0
4,2.6,1,422,1,63.0,103.0
4,2.6,1,422,1,100.0,106.0
4,2.6,1,422,1,100.0,97.0
4,2.6,1,422,1,105.0,103.0
4,2.6,1,422,1,105.0,105.0
4,2.6,1,422,1,96.0,97.0
4,2.6,1,422,1,95.0,111.0
4,2.6,1,422,2,75.0,84.0
4,2.6,1,422,1,95.0,104.0
4,2.6,1,422,1,80.0,102.0
4,2.6,1,422,2,85.0,88.0
4,2.6,1,422,1,95.0,105.0
4,2.6,1,422,2,70.0,86.0
4,2.6,1,422,1,75.0,82.0
4,2.6,1,422,2,70.0,83.0
4,2.6,1,422,2,83.0,95.0
4,2.6,1,422,1,60.0,63.0
4,2.6,1,422,2,45.0,81.0
4,2.6,1,422,1,88.0,101.0
4,2.6,1,422,2,95.0,99.0
4,2.6,1,422,2,77.0,85.0
4,2.6,1,422,1,105.0,107.0
4,2.6,1,422,2,77.0,96.0
4,2.6,1,422,3,85.0,96.0
4,2.6,1,422,1,88.0,92.0
4,2.6,1,422,2,65.0,68.0
4,2.6,1,422,1,83.0,98.0
4,2.6,1,422,1,83.0,104.0
4,2.6,1,422,3,73.0,84.0
4,2.6,1,422,1,77.0,97.0
4,2.6,1,422,2,77.0,83.0
4,2.6,1,422,2,88.0,105.0
4,2.6,1,422,3,73.0,85.0
4,2.6,1,422,1,88.0,92.0
4,2.6,1,422,1,93.0,97.0
4,2.6,1,422,1,83.0,98.0
4,2.6,1,422,1,88.0,32.0
4,2.6,1,422,1,80.0,97.0
4,2.6,1,422,1,77.0,96.0
4,2.6,1,422,1,88.0,95.0
4,2.6,1,422,3,60.0,84.0
4,2.6,1,422,4,65.0,96.0
4,2.6,1,422,4,92.0,80.0
4,2.6,1,422,2,60.0,90.0
4,2.6,1,422,5,20.0,24.0
4,2.6,1,422,4,60.0,100.0
4,2.6,1,422,4,60.0,58.0
4,2.6,1,422,3,60.0,79.0
4,2.6,1,422,2,60.0,99.0
4,2.6,1,422,2,60.0,107.0
4,2.6,1,422,2,60.0,95.0
4,2.6,1,422,2,60.0,106.0
4,2.6,1,422,2,60.0,104.0
4,2.6,1,422,2,60.0,100.0
4,2.6,1,422,3,60.0,67.0
4,2.6,1,422,3,60.0,60.0
4,2.6,1,422,3,92.0,82.0
7,14.5,1,300,1,105.0,106.0
7,14.5,1,300,1,105.0,107.0
7,14.5,1,300,1,100.0,102.0
7,14.5,1,300,1,105.0,105.0
7,14.5,1,300,1,105.0,104.0
7,14.5,1,300,1,105.0,104.0
7,14.5,1,300,1,105.0,105.0
7,14.5,1,300,1,105.0,105.0
7,14.5,1,300,1,100.0,102.0
7,14.5,1,300,1,105.0,108.0
7,14.5,1,300,1,105.0,109.0
7,14.5,1,300,1,105.0,107.0
7,14.5,1,300,2,105.0,106.0
7,14.5,1,300,2,105.0,109.0
7,14.5,1,300,2,105.0,109.0
7,14.5,1,300,1,105.0,107.0
7,14.5,1,300,1,105.0,62.0
7,14.5,1,300,2,90.0,97.0
7,14.5,1,300,2,90.0,100.0
7,14.5,1,300,2,90.0,95.0
7,14.5,1,300,2,90.0,97.0
7,14.5,1,300,2,75.0,107.0
7,14.5,1,300,2,75.0,107.0
7,14.5,1,300,2,75.0,74.0
7,14.5,1,300,2,75.0,100.0
7,14.5,1,300,2,75.0,99.0
7,14.5,1,300,2,103.0,104.0
7,14.5,1,300,2,90.0,105.0
7,14.5,1,300,2,103.0,86.0
7,14.5,1,300,2,83.0,103.0
7,14.5,1,300,2,87.0,95.0
7,14.5,1,300,2,88.0,101.0
7,14.5,1,300,2,103.0,108.0
7,14.5,1,300,2,103.0,104.0
7,14.5,1,300,2,25.0,45.0
7,14.5,1,300,2,103.0,99.0
7,14.5,1,300,2,103.0,98.0
6,8.2,1,400,2,83.0,85.0
6,8.2,1,400,2,87.0,92.0
6,8.2,1,400,2,77.0,94.0
6,8.2,1,400,3,83.0,83.0
6,8.2,1,400,2,75.0,81.0
6,8.2,1,400,2,85.0,101.0
6,8.2,1,400,2,88.0,99.0
6,8.2,1,400,2,90.0,102.0
6,8.2,1,400,2,90.0,100.0
6,8.2,1,400,2,90.0,99.0
6,8.2,1,400,2,90.0,102.0
6,8.2,1,400,2,90.0,102.0
6,8.2,1,400,2,90.0,102.0
6,8.2,1,400,2,90.0,100.0
6,8.2,1,400,2,90.0,100.0
6,8.2,1,400,2,83.0,84.0
6,8.2,1,400,2,88.0,100.0
6,8.2,1,400,2,80.0,86.0
6,8.2,1,400,2,80.0,82.0
6,8.2,1,400,2,80.0,80.0
6,8.2,1,400,4,95.0,90.0
6,8.2,1,400,2,75.0,80.0
6,8.2,1,400,2,75.0,86.0
6,8.2,1,400,4,75.0,88.0
6,8.2,1,400,2,75.0,82.0
6,8.2,1,400,3,70.0,86.0
18,8.6,1,400,3,90.0,85.0
18,8.6,1,400,2,77.0,82.0
18,8.6,1,400,2,76.0,81.0
18,8.6,1,400,3,70.0,86.0
18,8.6,1,400,3,77.0,79.0
18,8.6,1,400,2,77.0,82.0
18,8.6,1,400,3,70.0,81.0
18,8.6,1,400,2,76.0,79.0
18,8.6,1,400,3,70.0,53.0
18,8.6,1,400,3,70.0,77.0
88,6.7,1,420,4,70.0,87.0
88,6.7,1,420,6,75.0,82.0
13,8.4,1,400,3,25.0,45.0
19,8.6,1,300,2,85.0,74.0
19,8.6,1,300,3,80.0,84.0
19,8.6,1,300,2,88.0,81.0
19,8.6,1,300,2,84.0,78.0
19,8.6,1,300,2,85.0,100.0
19,8.6,1,300,2,85.0,99.0
82,2.0,1,412,4,60.0,82.0
82,2.0,1,412,4,20.0,22.0
7,14.8,1,300,1,105.0,106.0
7,14.8,1,300,1,105.0,107.0
7,14.8,1,300,1,100.0,102.0
7,14.8,1,300,1,105.0,105.0
7,14.8,1,300,1,105.0,104.0
7,14.8,1,300,1,105.0,104.0
7,14.8,1,300,1,105.0,105.0
7,14.8,1,300,1,105.0,105.0
7,14.8,1,300,1,100.0,102.0
7,14.8,1,300,1,105.0,108.0
7,14.8,1,300,1,105.0,109.0
7,14.8,1,300,1,105.0,107.0
7,14.8,1,300,2,105.0,106.0
7,14.8,1,300,2,105.0,108.0
7,14.8,1,300,2,105.0,109.0
7,14.8,1,300,1,105.0,107.0
7,14.8,1,300,1,105.0,62.0
7,14.8,1,300,2,90.0,97.0
7,14.8,1,300,2,90.0,100.0
7,14.8,1,300,2,90.0,95.0
7,14.8,1,300,2,90.0,97.0
7,14.8,1,300,2,75.0,107.0
7,14.8,1,300,2,75.0,107.0
7,14.8,1,300,2,75.0,74.0
7,14.8,1,300,2,75.0,100.0
7,14.8,1,300,2,75.0,99.0
7,14.8,1,300,2,103.0,104.0
7,14.8,1,300,2,90.0,105.0
7,14.8,1,300,2,103.0,86.0
7,14.8,1,300,2,83.0,103.0
7,14.8,1,300,2,87.0,95.0
7,14.8,1,300,2,88.0,101.0
7,14.8,1,300,2,103.0,108.0
7,14.8,1,300,2,103.0,104.0
7,14.8,1,300,2,25.0,45.0
7,14.8,1,300,2,103.0,99.0
7,14.8,1,300,2,103.0,98.0
102,9.1,1,400,1,63.0,66.0
102,9.1,1,400,1,83.0,83.0
102,9.1,1,400,1,83.0,75.0
77,7.0,1,420,4,93.0,89.0
77,7.0,1,420,4,77.0,83.0
81,2.0,1,412,6,50.0,113.0
81,2.0,1,412,4,50.0,78.0
13,10.1,1,410,3,25.0,45.0
44,8.5,1,400,3,70.0,80.0
1,12.7,1,400,1,95.0,93.0
1,12.7,1,400,1,105.0,103.0
1,12.7,1,400,1,80.0,82.0
1,12.7,1,400,1,105.0,95.0
1,12.7,1,400,1,100.0,95.0
1,12.7,1,400,1,100.0,89.0
1,12.7,1,400,1,105.0,95.0
1,12.7,1,400,1,105.0,99.0
1,12.7,1,400,1,105.0,101.0
1,12.7,1,400,1,88.0,106.0
1,12.7,1,400,1,100.0,105.0
1,12.7,1,400,2,95.0,101.0
140,12.8,1,400,3,77.0,83.0
140,12.8,1,400,3,70.0,82.0
18,8.5,1,400,3,90.0,85.0
18,8.5,1,400,2,77.0,82.0
18,8.5,1,400,2,76.0,81.0
18,8.5,1,400,3,70.0,86.0
18,8.5,1,400,3,77.0,79.0
18,8.5,1,400,2,77.0,82.0
18,8.5,1,400,3,70.0,81.0
18,8.5,1,400,2,76.0,79.0
18,8.5,1,400,3,70.0,53.0
18,8.5,1,400,3,70.0,77.0
23,8.8,1,410,3,94.0,82.0
23,8.8,1,410,4,93.0,81.0
23,8.8,1,410,4,95.0,87.0
23,8.8,1,410,3,70.0,83.0
18,8.0,1,400,3,90.0,85.0
18,8.0,1,400,2,77.0,82.0
18,8.0,1,400,2,76.0,81.0
18,8.0,1,400,3,70.0,86.0
18,8.0,1,400,3,77.0,79.0
18,8.0,1,400,2,77.0,82.0
18,8.0,1,400,3,70.0,81.0
18,8.0,1,400,2,76.0,79.0
18,8.0,1,400,3,70.0,53.0
18,8.0,1,400,3,70.0,77.0
19,8.5,1,400,2,85.0,74.0
19,8.5,1,400,3,80.0,84.0
19,8.5,1,400,2,88.0,81.0
19,8.5,1,400,2,84.0,78.0
19,8.5,1,400,2,85.0,100.0
19,8.5,1,400,2,85.0,99.0
6,16.0,1,400,2,83.0,85.0
6,16.0,1,400,2,87.0,92.0
6,16.0,1,400,2,77.0,94.0
6,16.0,1,400,3,83.0,83.0
6,16.0,1,400,2,75.0,81.0
6,16.0,1,400,2,85.0,101.0
6,16.0,1,400,2,88.0,99.0
6,16.0,1,400,2,90.0,102.0
6,16.0,1,400,2,90.0,100.0
6,16.0,1,400,2,90.0,99.0
6,16.0,1,400,2,90.0,102.0
6,16.0,1,400,2,90.0,102.0
6,16.0,1,400,2,90.0,102.0
6,16.0,1,400,2,90.0,100.0
6,16.0,1,400,2,90.0,100.0
6,16.0,1,400,2,83.0,84.0
6,16.0,1,400,2,88.0,100.0
6,16.0,1,400,2,80.0,86.0
6,16.0,1,400,2,80.0,82.0
6,16.0,1,400,2,80.0,80.0
6,16.0,1,400,4,95.0,90.0
6,16.0,1,400,2,75.0,80.0
6,16.0,1,400,2,75.0,86.0
6,16.0,1,400,4,75.0,88.0
6,16.0,1,400,2,75.0,82.0
6,16.0,1,400,3,70.0,86.0
6,10.2,1,410,2,83.0,85.0
6,10.2,1,410,2,87.0,92.0
6,10.2,1,410,2,77.0,94.0
6,10.2,1,410,3,83.0,83.0
6,10.2,1,410,2,75.0,70.0
6,10.2,1,410,2,85.0,101.0
6,10.2,1,410,2,88.0,99.0
6,10.2,1,410,2,90.0,102.0
6,10.2,1,410,2,90.0,101.0
6,10.2,1,410,2,90.0,99.0
6,10.2,1,410,2,90.0,102.0
6,10.2,1,410,2,90.0,101.0
6,10.2,1,410,2,90.0,103.0
6,10.2,1,410,2,90.0,100.0
6,10.2,1,410,2,90.0,98.0
6,10.2,1,410,2,83.0,87.0
6,10.2,1,410,2,88.0,100.0
6,10.2,1,410,2,80.0,84.0
6,10.2,1,410,2,80.0,84.0
6,10.2,1,410,2,80.0,80.0
6,10.2,1,410,4,95.0,90.0
6,10.2,1,410,2,75.0,82.0
6,10.2,1,410,2,75.0,86.0
6,10.2,1,410,4,75.0,88.0
6,10.2,1,410,2,75.0,82.0
6,10.2,1,410,3,70.0,82.0
13,9.6,1,400,3,25.0,45.0
6,8.4,1,400,2,83.0,85.0
6,8.4,1,400,2,87.0,93.0
6,8.4,1,400,2,77.0,98.0
6,8.4,1,400,3,83.0,86.0
6,8.4,1,400,2,75.0,70.0
6,8.4,1,400,2,85.0,101.0
6,8.4,1,400,2,88.0,104.0
6,8.4,1,400,2,90.0,102.0
6,8.4,1,400,2,90.0,101.0
6,8.4,1,400,2,90.0,99.0
6,8.4,1,400,2,90.0,101.0
6,8.4,1,400,2,90.0,101.0
6,8.4,1,400,2,90.0,103.0
6,8.4,1,400,2,90.0,100.0
6,8.4,1,400,2,90.0,98.0
6,8.4,1,400,2,83.0,87.0
6,8.4,1,400,2,88.0,101.0
6,8.4,1,400,2,80.0,84.0
6,8.4,1,400,2,80.0,84.0
6,8.4,1,400,2,80.0,84.0
6,8.4,1,400,4,95.0,90.0
6,8.4,1,400,2,75.0,82.0
6,8.4,1,400,2,75.0,86.0
6,8.4,1,400,4,75.0,85.0
6,8.4,1,400,2,75.0,82.0
6,8.4,1,400,3,70.0,82.0
18,9.4,1,400,3,90.0,84.0
18,9.4,1,400,2,77.0,84.0
18,9.4,1,400,2,76.0,81.0
18,9.4,1,400,3,70.0,84.0
18,9.4,1,400,3,77.0,87.0
18,9.4,1,400,2,77.0,87.0
18,9.4,1,400,3,70.0,81.0
18,9.4,1,400,2,76.0,84.0
18,9.4,1,400,3,70.0,53.0
18,9.4,1,400,3,70.0,83.0
2,9.1,1,400,1,88.0,93.0
2,9.1,1,400,2,85.0,85.0
2,9.1,1,400,2,70.0,80.0
2,9.1,1,400,2,80.0,101.0
2,9.1,1,400,2,75.0,84.0
13,9.4,1,400,3,25.0,45.0
28,6.9,1,410,3,70.0,77.0
28,6.9,1,410,3,77.0,73.0
28,6.9,1,410,3,93.0,88.0
24,9.2,1,300,2,70.0,84.0
24,9.2,1,300,3,75.0,92.0
21,3.9,1,412,4,93.0,94.0
21,3.9,1,412,4,20.0,63.0
21,3.9,1,412,3,93.0,74.0
21,3.9,1,412,4,93.0,79.0
21,3.9,1,412,4,93.0,79.0
866,2.2,1,412,6,25.0,47.0
2,10.2,1,400,1,88.0,93.0
2,10.2,1,400,2,85.0,85.0
2,10.2,1,400,2,70.0,80.0
2,10.2,1,400,2,80.0,101.0
2,10.2,1,400,2,75.0,84.0
68,8.0,1,410,4,70.0,97.0
68,8.0,1,410,2,70.0,82.0
68,8.0,1,410,4,70.0,79.0
68,8.0,1,410,4,65.0,69.0
19,7.8,1,300,2,85.0,90.0
19,7.8,1,300,3,80.0,88.0
19,7.8,1,300,2,88.0,88.0
19,7.8,1,300,2,84.0,79.0
19,7.8,1,300,2,85.0,100.0
19,7.8,1,300,2,85.0,98.0
5,3.2,1,412,2,78.0,102.0
5,3.2,1,412,3,88.0,79.0
5,3.2,1,412,2,85.0,87.0
5,3.2,1,412,2,83.0,101.0
54,9.7,1,420,2,90.0,82.0
54,9.7,1,420,3,70.0,82.0
28,6.2,1,420,3,70.0,77.0
28,6.2,1,420,3,77.0,73.0
28,6.2,1,420,3,93.0,88.0
970,11.0,1,100,6,50.0,52.0
4,9.6,1,400,1,63.0,98.0
4,9.6,1,400,1,63.0,102.0
4,9.6,1,400,1,100.0,108.0
4,9.6,1,400,1,100.0,94.0
4,9.6,1,400,1,105.0,108.0
4,9.6,1,400,1,105.0,105.0
4,9.6,1,400,1,96.0,96.0
4,9.6,1,400,1,95.0,108.0
4,9.6,1,400,2,75.0,87.0
4,9.6,1,400,1,95.0,103.0
4,9.6,1,400,1,80.0,101.0
4,9.6,1,400,2,85.0,87.0
4,9.6,1,400,1,95.0,106.0
4,9.6,1,400,2,70.0,82.0
4,9.6,1,400,1,75.0,83.0
4,9.6,1,400,2,70.0,77.0
4,9.6,1,400,2,83.0,96.0
4,9.6,1,400,1,60.0,63.0
4,9.6,1,400,2,45.0,70.0
4,9.6,1,400,1,88.0,99.0
4,9.6,1,400,2,95.0,102.0
4,9.6,1,400,2,77.0,84.0
4,9.6,1,400,1,105.0,104.0
4,9.6,1,400,2,77.0,96.0
4,9.6,1,400,3,85.0,92.0
4,9.6,1,400,1,88.0,94.0
4,9.6,1,400,2,65.0,65.0
4,9.6,1,400,1,83.0,99.0
4,9.6,1,400,1,83.0,104.0
4,9.6,1,400,3,73.0,86.0
4,9.6,1,400,1,77.0,99.0
4,9.6,1,400,2,77.0,84.0
4,9.6,1,400,2,88.0,101.0
4,9.6,1,400,3,73.0,84.0
4,9.6,1,400,1,88.0,88.0
4,9.6,1,400,1,93.0,98.0
4,9.6,1,400,1,83.0,98.0
4,9.6,1,400,1,88.0,32.0
4,9.6,1,400,1,80.0,97.0
4,9.6,1,400,1,77.0,96.0
4,9.6,1,400,1,88.0,95.0
4,9.6,1,400,3,60.0,79.0
4,9.6,1,400,4,65.0,92.0
4,9.6,1,400,4,92.0,81.0
4,9.6,1,400,2,60.0,91.0
4,9.6,1,400,5,20.0,33.0
4,9.6,1,400,4,60.0,99.0
4,9.6,1,400,4,60.0,90.0
4,9.6,1,400,3,60.0,75.0
4,9.6,1,400,2,60.0,98.0
4,9.6,1,400,2,60.0,103.0
4,9.6,1,400,2,60.0,89.0
4,9.6,1,400,2,60.0,104.0
4,9.6,1,400,2,60.0,108.0
4,9.6,1,400,2,60.0,102.0
4,9.6,1,400,3,60.0,65.0
4,9.6,1,400,3,60.0,60.0
4,9.6,1,400,3,92.0,80.0
21,4.2,1,412,4,93.0,94.0
21,4.2,1,412,4,20.0,63.0
21,4.2,1,412,3,93.0,74.0
21,4.2,1,412,4,93.0,79.0
21,4.2,1,412,4,93.0,79.0
79,4.2,1,412,4,50.0,90.0
79,4.2,1,412,3,50.0,79.0
79,4.2,1,412,4,50.0,80.0
9,9.3,1,400,2,77.0,85.0
9,9.3,1,400,2,77.0,85.0
9,9.3,1,400,1,88.0,96.0
9,9.3,1,400,2,77.0,79.0
9,9.3,1,400,2,100.0,101.0
9,9.3,1,400,1,80.0,80.0
9,9.3,1,400,3,88.0,83.0
9,9.3,1,400,4,20.0,43.0
9,9.3,1,400,2,93.0,83.0
9,9.3,1,400,4,65.0,79.0
9,9.3,1,400,2,92.0,95.0
9,9.3,1,400,3,83.0,76.0
9,9.3,1,400,3,87.0,81.0
9,9.3,1,400,2,75.0,80.0
9,9.3,1,400,2,77.0,81.0
9,9.3,1,400,2,75.0,94.0
9,9.3,1,400,2,84.0,85.0
9,9.3,1,400,2,70.0,78.0
9,9.3,1,400,1,77.0,72.0
9,12.4,1,400,2,77.0,85.0
9,12.4,1,400,2,77.0,85.0
9,12.4,1,400,1,88.0,96.0
9,12.4,1,400,2,77.0,79.0
9,12.4,1,400,2,100.0,101.0
9,12.4,1,400,1,80.0,80.0
9,12.4,1,400,3,88.0,83.0
9,12.4,1,400,4,20.0,43.0
9,12.4,1,400,2,93.0,83.0
9,12.4,1,400,4,65.0,79.0
9,12.4,1,400,2,92.0,95.0
9,12.4,1,400,3,83.0,76.0
9,12.4,1,400,3,87.0,81.0
9,12.4,1,400,2,75.0,80.0
9,12.4,1,400,2,77.0,81.0
9,12.4,1,400,2,75.0,94.0
9,12.4,1,400,2,84.0,85.0
9,12.4,1,400,2,70.0,78.0
9,12.4,1,400,1,77.0,72.0
19,7.1,1,400,2,85.0,90.0
19,7.1,1,400,3,80.0,88.0
19,7.1,1,400,2,88.0,88.0
19,7.1,1,400,2,84.0,79.0
19,7.1,1,400,2,85.0,100.0
19,7.1,1,400,2,85.0,98.0
4,4.0,1,400,1,63.0,98.0
4,4.0,1,400,1,63.0,102.0
4,4.0,1,400,1,100.0,108.0
4,4.0,1,400,1,100.0,94.0
4,4.0,1,400,1,105.0,108.0
4,4.0,1,400,1,105.0,105.0
4,4.0,1,400,1,96.0,96.0
4,4.0,1,400,1,95.0,108.0
4,4.0,1,400,2,75.0,87.0
4,4.0,1,400,1,95.0,103.0
4,4.0,1,400,1,80.0,101.0
4,4.0,1,400,2,85.0,87.0
4,4.0,1,400,1,95.0,106.0
4,4.0,1,400,2,70.0,82.0
4,4.0,1,400,1,75.0,83.0
4,4.0,1,400,2,70.0,77.0
4,4.0,1,400,2,83.0,96.0
4,4.0,1,400,1,60.0,63.0
4,4.0,1,400,2,45.0,70.0
4,4.0,1,400,1,88.0,99.0
4,4.0,1,400,2,95.0,102.0
4,4.0,1,400,2,77.0,84.0
4,4.0,1,400,1,105.0,104.0
4,4.0,1,400,2,77.0,96.0
4,4.0,1,400,3,85.0,92.0
4,4.0,1,400,1,88.0,94.0
4,4.0,1,400,2,65.0,65.0
4,4.0,1,400,1,83.0,99.0
4,4.0,1,400,1,83.0,104.0
4,4.0,1,400,3,73.0,86.0
4,4.0,1,400,1,77.0,99.0
4,4.0,1,400,2,77.0,84.0
4,4.0,1,400,2,88.0,101.0
4,4.0,1,400,3,73.0,84.0
4,4.0,1,400,1,88.0,88.0
4,4.0,1,400,1,93.0,98.0
4,4.0,1,400,1,83.0,98.0
4,4.0,1,400,1,88.0,32.0
4,4.0,1,400,1,80.0,97.0
4,4.0,1,400,1,77.0,96.0
4,4.0,1,400,1,88.0,95.0
4,4.0,1,400,3,60.0,79.0
4,4.0,1,400,4,65.0,92.0
4,4.0,1,400,4,92.0,81.0
4,4.0,1,400,2,60.0,91.0
4,4.0,1,400,5,20.0,33.0
4,4.0,1,400,4,60.0,99.0
4,4.0,1,400,4,60.0,90.0
4,4.0,1,400,3,60.0,75.0
4,4.0,1,400,2,60.0,98.0
4,4.0,1,400,2,60.0,103.0
4,4.0,1,400,2,60.0,89.0
4,4.0,1,400,2,60.0,104.0
4,4.0,1,400,2,60.0,108.0
4,4.0,1,400,2,60.0,102.0
4,4.0,1,400,3,60.0,65.0
4,4.0,1,400,3,60.0,60.0
4,4.0,1,400,3,92.0,80.0
866,2.2,1,412,6,25.0,47.0
8,9.7,1,400,2,77.0,100.0
8,9.7,1,400,2,75.0,82.0
8,9.7,1,400,2,75.0,79.0
8,9.7,1,400,2,70.0,77.0
8,9.7,1,400,2,77.0,96.0
8,9.7,1,400,2,75.0,102.0
8,9.7,1,400,2,90.0,86.0
8,9.7,1,400,3,80.0,89.0
8,9.7,1,400,2,76.0,81.0
8,9.7,1,400,2,77.0,79.0
8,9.7,1,400,3,80.0,86.0
8,9.7,1,400,3,70.0,87.0
8,9.7,1,400,3,70.0,83.0
8,9.7,1,400,1,80.0,80.0
8,9.7,1,400,2,90.0,86.0
8,9.7,1,400,2,80.0,98.0
8,9.7,1,400,2,80.0,90.0
8,9.7,1,400,3,75.0,86.0
8,9.7,1,400,3,75.0,82.0
8,9.7,1,400,3,80.0,89.0
23,8.4,1,300,3,94.0,82.0
23,8.4,1,300,4,93.0,81.0
23,8.4,1,300,4,95.0,87.0
23,8.4,1,300,3,70.0,83.0
24,9.3,1,300,2,70.0,84.0
24,9.3,1,300,3,75.0,92.0
79,4.2,1,412,4,50.0,90.0
79,4.2,1,412,3,50.0,79.0
79,4.2,1,412,4,50.0,80.0
22,6.3,1,410,2,77.0,81.0
22,6.3,1,410,2,65.0,77.0
22,6.3,1,410,2,65.0,79.0
22,6.3,1,410,4,96.0,103.0
22,6.3,1,410,3,83.0,92.0
2,7.5,1,400,1,88.0,93.0
2,7.5,1,400,2,85.0,85.0
2,7.5,1,400,2,70.0,80.0
2,7.5,1,400,2,80.0,101.0
2,7.5,1,400,2,75.0,84.0
8,9.2,1,400,2,77.0,100.0
8,9.2,1,400,2,75.0,82.0
8,9.2,1,400,2,75.0,79.0
8,9.2,1,400,2,70.0,77.0
8,9.2,1,400,2,77.0,96.0
8,9.2,1,400,2,75.0,102.0
8,9.2,1,400,2,90.0,86.0
8,9.2,1,400,3,80.0,89.0
8,9.2,1,400,2,76.0,81.0
8,9.2,1,400,2,77.0,79.0
8,9.2,1,400,3,80.0,86.0
8,9.2,1,400,3,70.0,87.0
8,9.2,1,400,3,70.0,83.0
8,9.2,1,400,1,80.0,80.0
8,9.2,1,400,2,90.0,86.0
8,9.2,1,400,2,80.0,98.0
8,9.2,1,400,2,80.0,90.0
8,9.2,1,400,3,75.0,86.0
8,9.2,1,400,3,75.0,82.0
8,9.2,1,400,3,80.0,89.0
387,8.1,1,400,4,70.0,88.0
5,7.0,1,400,2,78.0,102.0
5,7.0,1,400,3,88.0,79.0
5,7.0,1,400,2,85.0,87.0
5,7.0,1,400,2,83.0,101.0
78,3.0,1,412,4,77.0,103.0
78,3.0,1,412,6,92.0,75.0
78,3.0,1,412,4,67.0,94.0
78,3.0,1,412,3,67.0,62.0
637,9.5,1,400,3,77.0,83.0
6,9.9,1,410,2,83.0,85.0
6,9.9,1,410,2,87.0,93.0
6,9.9,1,410,2,77.0,98.0
6,9.9,1,410,3,83.0,86.0
6,9.9,1,410,2,75.0,70.0
6,9.9,1,410,2,85.0,101.0
6,9.9,1,410,2,88.0,104.0
6,9.9,1,410,2,90.0,102.0
6,9.9,1,410,2,90.0,101.0
6,9.9,1,410,2,90.0,99.0
6,9.9,1,410,2,90.0,100.0
6,9.9,1,410,2,90.0,99.0
6,9.9,1,410,2,90.0,100.0
6,9.9,1,410,2,90.0,100.0
6,9.9,1,410,2,90.0,98.0
6,9.9,1,410,2,83.0,87.0
6,9.9,1,410,2,88.0,101.0
6,9.9,1,410,2,80.0,84.0
6,9.9,1,410,2,80.0,84.0
6,9.9,1,410,2,80.0,84.0
6,9.9,1,410,4,95.0,90.0
6,9.9,1,410,2,75.0,82.0
6,9.9,1,410,2,75.0,86.0
6,9.9,1,410,4,75.0,85.0
6,9.9,1,410,2,75.0,81.0
6,9.9,1,410,3,70.0,82.0
75,9.0,1,400,4,96.0,94.0
75,9.0,1,400,4,72.0,83.0
75,9.0,1,400,2,70.0,81.0
75,9.0,1,400,4,93.0,87.0
67,8.5,1,300,2,77.0,86.0
67,8.5,1,300,2,77.0,79.0
67,8.5,1,300,3,90.0,85.0
67,8.5,1,300,3,70.0,81.0
4,3.0,1,422,1,63.0,98.0
4,3.0,1,422,1,63.0,102.0
4,3.0,1,422,1,100.0,108.0
4,3.0,1,422,1,100.0,94.0
4,3.0,1,422,1,105.0,108.0
4,3.0,1,422,1,105.0,107.0
4,3.0,1,422,1,96.0,96.0
4,3.0,1,422,1,95.0,108.0
4,3.0,1,422,2,75.0,87.0
4,3.0,1,422,1,95.0,103.0
4,3.0,1,422,1,80.0,101.0
4,3.0,1,422,2,85.0,87.0
4,3.0,1,422,1,95.0,106.0
4,3.0,1,422,2,70.0,82.0
4,3.0,1,422,1,75.0,83.0
4,3.0,1,422,2,70.0,77.0
4,3.0,1,422,2,83.0,96.0
4,3.0,1,422,1,60.0,63.0
4,3.0,1,422,2,45.0,70.0
4,3.0,1,422,1,88.0,99.0
4,3.0,1,422,2,95.0,102.0
4,3.0,1,422,2,77.0,84.0
4,3.0,1,422,1,105.0,104.0
4,3.0,1,422,2,77.0,96.0
4,3.0,1,422,3,85.0,92.0
4,3.0,1,422,1,88.0,94.0
4,3.0,1,422,2,65.0,65.0
4,3.0,1,422,1,83.0,99.0
4,3.0,1,422,1,83.0,103.0
4,3.0,1,422,3,73.0,86.0
4,3.0,1,422,1,77.0,101.0
4,3.0,1,422,2,77.0,84.0
4,3.0,1,422,2,88.0,101.0
4,3.0,1,422,3,73.0,84.0
4,3.0,1,422,1,88.0,88.0
4,3.0,1,422,1,93.0,97.0
4,3.0,1,422,1,83.0,98.0
4,3.0,1,422,1,88.0,32.0
4,3.0,1,422,1,80.0,97.0
4,3.0,1,422,1,77.0,96.0
4,3.0,1,422,1,88.0,95.0
4,3.0,1,422,3,60.0,79.0
4,3.0,1,422,4,65.0,92.0
4,3.0,1,422,4,92.0,81.0
4,3.0,1,422,2,60.0,92.0
4,3.0,1,422,5,20.0,33.0
4,3.0,1,422,4,60.0,99.0
4,3.0,1,422,4,60.0,90.0
4,3.0,1,422,3,60.0,75.0
4,3.0,1,422,2,60.0,103.0
4,3.0,1,422,2,60.0,102.0
4,3.0,1,422,2,60.0,92.0
4,3.0,1,422,2,60.0,100.0
4,3.0,1,422,2,60.0,109.0
4,3.0,1,422,2,60.0,101.0
4,3.0,1,422,3,60.0,65.0
4,3.0,1,422,3,60.0,60.0
4,3.0,1,422,3,92.0,80.0
170,13.0,1,400,4,65.0,71.0
170,13.0,1,400,2,79.0,71.0
170,13.0,1,400,4,65.0,81.0
170,13.0,1,400,4,50.0,61.0
170,13.0,1,400,3,75.0,79.0
170,13.0,1,400,4,83.0,76.0
1,8.8,1,400,1,95.0,95.0
1,8.8,1,400,1,105.0,103.0
1,8.8,1,400,1,80.0,82.0
1,8.8,1,400,1,105.0,95.0
1,8.8,1,400,1,100.0,94.0
1,8.8,1,400,1,100.0,89.0
1,8.8,1,400,1,105.0,93.0
1,8.8,1,400,1,105.0,100.0
1,8.8,1,400,1,105.0,102.0
1,8.8,1,400,1,88.0,107.0
1,8.8,1,400,1,100.0,104.0
1,8.8,1,400,2,95.0,101.0
130,8.8,1,410,3,77.0,81.0
130,8.8,1,410,2,89.0,81.0
5,2.1,1,400,2,78.0,102.0
5,2.1,1,400,3,88.0,79.0
5,2.1,1,400,2,85.0,87.0
5,2.1,1,400,2,83.0,101.0
6,6.9,1,400,2,83.0,85.0
6,6.9,1,400,2,87.0,93.0
6,6.9,1,400,2,77.0,98.0
6,6.9,1,400,3,83.0,86.0
6,6.9,1,400,2,75.0,70.0
6,6.9,1,400,2,85.0,101.0
6,6.9,1,400,2,88.0,104.0
6,6.9,1,400,2,90.0,102.0
6,6.9,1,400,2,90.0,101.0
6,6.9,1,400,2,90.0,99.0
6,6.9,1,400,2,90.0,100.0
6,6.9,1,400,2,90.0,99.0
6,6.9,1,400,2,90.0,100.0
6,6.9,1,400,2,90.0,100.0
6,6.9,1,400,2,90.0,98.0
6,6.9,1,400,2,83.0,87.0
6,6.9,1,400,2,88.0,101.0
6,6.9,1,400,2,80.0,84.0
6,6.9,1,400,2,80.0,84.0
6,6.9,1,400,2,80.0,84.0
6,6.9,1,400,4,95.0,90.0
6,6.9,1,400,2,75.0,82.0
6,6.9,1,400,2,75.0,86.0
6,6.9,1,400,4,75.0,85.0
6,6.9,1,400,2,75.0,81.0
6,6.9,1,400,3,70.0,82.0
6,8.3,1,400,2,83.0,85.0
6,8.3,1,400,2,87.0,93.0
6,8.3,1,400,2,77.0,98.0
6,8.3,1,400,3,83.0,86.0
6,8.3,1,400,2,75.0,70.0
6,8.3,1,400,2,85.0,101.0
6,8.3,1,400,2,88.0,104.0
6,8.3,1,400,2,90.0,102.0
6,8.3,1,400,2,90.0,101.0
6,8.3,1,400,2,90.0,99.0
6,8.3,1,400,2,90.0,100.0
6,8.3,1,400,2,90.0,99.0
6,8.3,1,400,2,90.0,100.0
6,8.3,1,400,2,90.0,100.0
6,8.3,1,400,2,90.0,98.0
6,8.3,1,400,2,83.0,87.0
6,8.3,1,400,2,88.0,101.0
6,8.3,1,400,2,80.0,84.0
6,8.3,1,400,2,80.0,84.0
6,8.3,1,400,2,80.0,84.0
6,8.3,1,400,4,95.0,90.0
6,8.3,1,400,2,75.0,82.0
6,8.3,1,400,2,75.0,86.0
6,8.3,1,400,4,75.0,85.0
6,8.3,1,400,2,75.0,81.0
6,8.3,1,400,3,70.0,82.0
23,7.6,1,410,3,94.0,82.0
23,7.6,1,410,4,93.0,81.0
23,7.6,1,410,4,95.0,87.0
23,7.6,1,410,3,70.0,83.0
73,10.0,1,400,3,75.0,66.0
8,9.9,1,400,2,77.0,100.0
8,9.9,1,400,2,75.0,82.0
8,9.9,1,400,2,75.0,79.0
8,9.9,1,400,2,70.0,77.0
8,9.9,1,400,2,77.0,96.0
8,9.9,1,400,2,75.0,102.0
8,9.9,1,400,2,90.0,86.0
8,9.9,1,400,3,80.0,89.0
8,9.9,1,400,2,76.0,81.0
8,9.9,1,400,2,77.0,79.0
8,9.9,1,400,3,80.0,86.0
8,9.9,1,400,3,70.0,87.0
8,9.9,1,400,3,70.0,83.0
8,9.9,1,400,1,80.0,80.0
8,9.9,1,400,2,90.0,86.0
8,9.9,1,400,2,80.0,98.0
8,9.9,1,400,2,80.0,90.0
8,9.9,1,400,3,75.0,86.0
8,9.9,1,400,3,75.0,82.0
8,9.9,1,400,3,80.0,89.0
4,2.5,1,422,1,63.0,98.0
4,2.5,1,422,1,63.0,102.0
4,2.5,1,422,1,100.0,108.0
4,2.5,1,422,1,100.0,94.0
4,2.5,1,422,1,105.0,108.0
4,2.5,1,422,1,105.0,107.0
4,2.5,1,422,1,96.0,96.0
4,2.5,1,422,1,95.0,108.0
4,2.5,1,422,2,75.0,87.0
4,2.5,1,422,1,95.0,103.0
4,2.5,1,422,1,80.0,101.0
4,2.5,1,422,2,85.0,87.0
4,2.5,1,422,1,95.0,106.0
4,2.5,1,422,2,70.0,82.0
4,2.5,1,422,1,75.0,83.0
4,2.5,1,422,2,70.0,77.0
4,2.5,1,422,2,83.0,96.0
4,2.5,1,422,1,60.0,63.0
4,2.5,1,422,2,45.0,70.0
4,2.5,1,422,1,88.0,99.0
4,2.5,1,422,2,95.0,102.0
4,2.5,1,422,2,77.0,84.0
4,2.5,1,422,1,105.0,104.0
4,2.5,1,422,2,77.0,96.0
4,2.5,1,422,3,85.0,92.0
4,2.5,1,422,1,88.0,94.0
4,2.5,1,422,2,65.0,65.0
4,2.5,1,422,1,83.0,99.0
4,2.5,1,422,1,83.0,103.0
4,2.5,1,422,3,73.0,86.0
4,2.5,1,422,1,77.0,101.0
4,2.5,1,422,2,77.0,84.0
4,2.5,1,422,2,88.0,101.0
4,2.5,1,422,3,73.0,84.0
4,2.5,1,422,1,88.0,88.0
4,2.5,1,422,1,93.0,97.0
4,2.5,1,422,1,83.0,98.0
4,2.5,1,422,1,88.0,32.0
4,2.5,1,422,1,80.0,97.0
4,2.5,1,422,1,77.0,96.0
4,2.5,1,422,1,88.0,95.0
4,2.5,1,422,3,60.0,79.0
4,2.5,1,422,4,65.0,92.0
4,2.5,1,422,4,92.0,81.0
4,2.5,1,422,2,60.0,92.0
4,2.5,1,422,5,20.0,33.0
4,2.5,1,422,4,60.0,99.0
4,2.5,1,422,4,60.0,90.0
4,2.5,1,422,3,60.0,75.0
4,2.5,1,422,2,60.0,103.0
4,2.5,1,422,2,60.0,102.0
4,2.5,1,422,2,60.0,92.0
4,2.5,1,422,2,60.0,100.0
4,2.5,1,422,2,60.0,109.0
4,2.5,1,422,2,60.0,101.0
4,2.5,1,422,3,60.0,65.0
4,2.5,1,422,3,60.0,60.0
4,2.5,1,422,3,92.0,80.0
4,5.0,1,400,1,63.0,98.0
4,5.0,1,400,1,63.0,102.0
4,5.0,1,400,1,100.0,108.0
4,5.0,1,400,1,100.0,94.0
4,5.0,1,400,1,105.0,108.0
4,5.0,1,400,1,105.0,107.0
4,5.0,1,400,1,96.0,96.0
4,5.0,1,400,1,95.0,108.0
4,5.0,1,400,2,75.0,87.0
4,5.0,1,400,1,95.0,103.0
4,5.0,1,400,1,80.0,101.0
4,5.0,1,400,2,85.0,87.0
4,5.0,1,400,1,95.0,106.0
4,5.0,1,400,2,70.0,82.0
4,5.0,1,400,1,75.0,83.0
4,5.0,1,400,2,70.0,77.0
4,5.0,1,400,2,83.0,96.0
4,5.0,1,400,1,60.0,63.0
4,5.0,1,400,2,45.0,70.0
4,5.0,1,400,1,88.0,99.0
4,5.0,1,400,2,95.0,102.0
4,5.0,1,400,2,77.0,84.0
4,5.0,1,400,1,105.0,104.0
4,5.0,1,400,2,77.0,96.0
4,5.0,1,400,3,85.0,92.0
4,5.0,1,400,1,88.0,95.0
4,5.0,1,400,2,65.0,65.0
4,5.0,1,400,1,83.0,100.0
4,5.0,1,400,1,83.0,104.0
4,5.0,1,400,3,73.0,86.0
4,5.0,1,400,1,77.0,101.0
4,5.0,1,400,2,77.0,84.0
4,5.0,1,400,2,88.0,101.0
4,5.0,1,400,3,73.0,84.0
4,5.0,1,400,1,88.0,89.0
4,5.0,1,400,1,93.0,98.0
4,5.0,1,400,1,83.0,99.0
4,5.0,1,400,1,88.0,32.0
4,5.0,1,400,1,80.0,96.0
4,5.0,1,400,1,77.0,95.0
4,5.0,1,400,1,88.0,96.0
4,5.0,1,400,3,60.0,79.0
4,5.0,1,400,4,65.0,92.0
4,5.0,1,400,4,92.0,81.0
4,5.0,1,400,2,60.0,92.0
4,5.0,1,400,5,20.0,33.0
4,5.0,1,400,4,60.0,99.0
4,5.0,1,400,4,60.0,90.0
4,5.0,1,400,3,60.0,75.0
4,5.0,1,400,2,60.0,103.0
4,5.0,1,400,2,60.0,97.0
4,5.0,1,400,2,60.0,89.0
4,5.0,1,400,2,60.0,98.0
4,5.0,1,400,2,60.0,110.0
4,5.0,1,400,2,60.0,100.0
4,5.0,1,400,3,60.0,65.0
4,5.0,1,400,3,60.0,60.0
4,5.0,1,400,3,92.0,80.0
51,9.6,1,410,1,90.0,80.0
51,9.6,1,410,1,90.0,83.0
51,9.6,1,410,1,80.0,79.0
51,9.6,1,410,1,90.0,72.0
51,9.6,1,410,2,85.0,82.0
51,9.6,1,410,1,80.0,100.0
51,9.6,1,410,1,80.0,98.0
21,1.1,1,412,4,93.0,94.0
21,1.1,1,412,4,20.0,63.0
21,1.1,1,412,3,93.0,74.0
21,1.1,1,412,4,93.0,79.0
21,1.1,1,412,4,93.0,79.0
8,9.4,1,400,2,77.0,100.0
8,9.4,1,400,2,75.0,82.0
8,9.4,1,400,2,75.0,79.0
8,9.4,1,400,2,70.0,77.0
8,9.4,1,400,2,77.0,96.0
8,9.4,1,400,2,75.0,102.0
8,9.4,1,400,2,90.0,86.0
8,9.4,1,400,3,80.0,89.0
8,9.4,1,400,2,76.0,81.0
8,9.4,1,400,2,77.0,79.0
8,9.4,1,400,3,80.0,86.0
8,9.4,1,400,3,70.0,87.0
8,9.4,1,400,3,70.0,83.0
8,9.4,1,400,1,80.0,80.0
8,9.4,1,400,2,90.0,86.0
8,9.4,1,400,2,80.0,98.0
8,9.4,1,400,2,80.0,90.0
8,9.4,1,400,3,75.0,86.0
8,9.4,1,400,3,75.0,82.0
8,9.4,1,400,3,80.0,89.0
63,6.4,1,410,3,70.0,89.0
63,6.4,1,410,4,70.0,81.0
25,10.1,1,400,2,80.0,70.0
25,10.1,1,400,2,77.0,77.0
25,10.1,1,400,2,89.0,75.0
25,10.1,1,400,2,77.0,78.0
25,10.1,1,400,2,80.0,82.0
4,6.7,1,420,1,63.0,98.0
4,6.7,1,420,1,63.0,102.0
4,6.7,1,420,1,100.0,108.0
4,6.7,1,420,1,100.0,94.0
4,6.7,1,420,1,105.0,108.0
4,6.7,1,420,1,105.0,107.0
4,6.7,1,420,1,96.0,96.0
4,6.7,1,420,1,95.0,108.0
4,6.7,1,420,2,75.0,87.0
4,6.7,1,420,1,95.0,103.0
4,6.7,1,420,1,80.0,101.0
4,6.7,1,420,2,85.0,87.0
4,6.7,1,420,1,95.0,106.0
4,6.7,1,420,2,70.0,82.0
4,6.7,1,420,1,75.0,83.0
4,6.7,1,420,2,70.0,77.0
4,6.7,1,420,2,83.0,96.0
4,6.7,1,420,1,60.0,63.0
4,6.7,1,420,2,45.0,70.0
4,6.7,1,420,1,88.0,99.0
4,6.7,1,420,2,95.0,102.0
4,6.7,1,420,2,77.0,84.0
4,6.7,1,420,1,105.0,104.0
4,6.7,1,420,2,77.0,96.0
4,6.7,1,420,3,85.0,92.0
4,6.7,1,420,1,88.0,95.0
4,6.7,1,420,2,65.0,65.0
4,6.7,1,420,1,83.0,100.0
4,6.7,1,420,1,83.0,104.0
4,6.7,1,420,3,73.0,86.0
4,6.7,1,420,1,77.0,101.0
4,6.7,1,420,2,77.0,84.0
4,6.7,1,420,2,88.0,101.0
4,6.7,1,420,3,73.0,84.0
4,6.7,1,420,1,88.0,89.0
4,6.7,1,420,1,93.0,98.0
4,6.7,1,420,1,83.0,99.0
4,6.7,1,420,1,88.0,32.0
4,6.7,1,420,1,80.0,96.0
4,6.7,1,420,1,77.0,95.0
4,6.7,1,420,1,88.0,96.0
4,6.7,1,420,3,60.0,79.0
4,6.7,1,420,4,65.0,92.0
4,6.7,1,420,4,92.0,81.0
4,6.7,1,420,2,60.0,92.0
4,6.7,1,420,5,20.0,33.0
4,6.7,1,420,4,60.0,99.0
4,6.7,1,420,4,60.0,90.0
4,6.7,1,420,3,60.0,75.0
4,6.7,1,420,2,60.0,103.0
4,6.7,1,420,2,60.0,97.0
4,6.7,1,420,2,60.0,89.0
4,6.7,1,420,2,60.0,98.0
4,6.7,1,420,2,60.0,110.0
4,6.7,1,420,2,60.0,100.0
4,6.7,1,420,3,60.0,65.0
4,6.7,1,420,3,60.0,60.0
4,6.7,1,420,3,92.0,80.0
110,12.4,1,400,3,75.0,81.0
110,12.4,1,400,3,75.0,88.0
20,5.0,1,400,2,63.0,66.0
20,5.0,1,400,4,77.0,96.0
20,5.0,1,400,3,95.0,89.0
20,5.0,1,400,3,85.0,81.0
20,5.0,1,400,2,63.0,80.0
15,9.9,1,400,3,74.0,85.0
15,9.9,1,400,2,88.0,84.0
15,9.9,1,400,2,64.0,62.0
15,9.9,1,400,2,83.0,79.0
6,8.3,1,400,2,83.0,86.0
6,8.3,1,400,2,87.0,97.0
6,8.3,1,400,2,77.0,98.0
6,8.3,1,400,3,83.0,86.0
6,8.3,1,400,2,75.0,79.0
6,8.3,1,400,2,85.0,101.0
6,8.3,1,400,2,88.0,99.0
6,8.3,1,400,2,90.0,101.0
6,8.3,1,400,2,90.0,98.0
6,8.3,1,400,2,90.0,98.0
6,8.3,1,400,2,90.0,100.0
6,8.3,1,400,2,90.0,99.0
6,8.3,1,400,2,90.0,100.0
6,8.3,1,400,2,90.0,102.0
6,8.3,1,400,2,90.0,98.0
6,8.3,1,400,2,83.0,87.0
6,8.3,1,400,2,88.0,101.0
6,8.3,1,400,2,80.0,85.0
6,8.3,1,400,2,80.0,82.0
6,8.3,1,400,2,80.0,83.0
6,8.3,1,400,4,95.0,100.0
6,8.3,1,400,2,75.0,81.0
6,8.3,1,400,2,75.0,84.0
6,8.3,1,400,4,75.0,84.0
6,8.3,1,400,2,75.0,81.0
6,8.3,1,400,3,70.0,82.0
4,7.8,1,200,1,63.0,98.0
4,7.8,1,200,1,63.0,104.0
4,7.8,1,200,1,100.0,106.0
4,7.8,1,200,1,100.0,96.0
4,7.8,1,200,1,105.0,108.0
4,7.8,1,200,1,105.0,107.0
4,7.8,1,200,1,96.0,94.0
4,7.8,1,200,1,95.0,109.0
4,7.8,1,200,2,75.0,86.0
4,7.8,1,200,1,95.0,107.0
4,7.8,1,200,1,80.0,101.0
4,7.8,1,200,2,85.0,86.0
4,7.8,1,200,1,95.0,108.0
4,7.8,1,200,2,70.0,81.0
4,7.8,1,200,1,75.0,83.0
4,7.8,1,200,2,70.0,77.0
4,7.8,1,200,2,83.0,96.0
4,7.8,1,200,1,60.0,63.0
4,7.8,1,200,2,45.0,80.0
4,7.8,1,200,1,88.0,99.0
4,7.8,1,200,2,95.0,99.0
4,7.8,1,200,2,77.0,85.0
4,7.8,1,200,1,105.0,106.0
4,7.8,1,200,2,77.0,93.0
4,7.8,1,200,3,85.0,92.0
4,7.8,1,200,1,88.0,95.0
4,7.8,1,200,2,65.0,65.0
4,7.8,1,200,1,83.0,101.0
4,7.8,1,200,1,83.0,104.0
4,7.8,1,200,3,73.0,86.0
4,7.8,1,200,1,77.0,99.0
4,7.8,1,200,2,77.0,85.0
4,7.8,1,200,2,88.0,102.0
4,7.8,1,200,3,73.0,84.0
4,7.8,1,200,1,88.0,89.0
4,7.8,1,200,1,93.0,98.0
4,7.8,1,200,1,83.0,100.0
4,7.8,1,200,1,88.0,32.0
4,7.8,1,200,1,80.0,94.0
4,7.8,1,200,1,77.0,96.0
4,7.8,1,200,1,88.0,96.0
4,7.8,1,200,3,60.0,79.0
4,7.8,1,200,4,65.0,94.0
4,7.8,1,200,4,92.0,84.0
4,7.8,1,200,2,60.0,93.0
4,7.8,1,200,5,20.0,33.0
4,7.8,1,200,4,60.0,97.0
4,7.8,1,200,4,60.0,90.0
4,7.8,1,200,3,60.0,78.0
4,7.8,1,200,2,60.0,106.0
4,7.8,1,200,2,60.0,97.0
4,7.8,1,200,2,60.0,87.0
4,7.8,1,200,2,60.0,95.0
4,7.8,1,200,2,60.0,107.0
4,7.8,1,200,2,60.0,98.0
4,7.8,1,200,3,60.0,66.0
4,7.8,1,200,3,60.0,62.0
4,7.8,1,200,3,92.0,80.0
4,5.0,1,200,1,63.0,98.0
4,5.0,1,200,1,63.0,104.0
4,5.0,1,200,1,100.0,106.0
4,5.0,1,200,1,100.0,96.0
4,5.0,1,200,1,105.0,108.0
4,5.0,1,200,1,105.0,107.0
4,5.0,1,200,1,96.0,94.0
4,5.0,1,200,1,95.0,109.0
4,5.0,1,200,2,75.0,86.0
4,5.0,1,200,1,95.0,107.0
4,5.0,1,200,1,80.0,101.0
4,5.0,1,200,2,85.0,86.0
4,5.0,1,200,1,95.0,108.0
4,5.0,1,200,2,70.0,81.0
4,5.0,1,200,1,75.0,83.0
4,5.0,1,200,2,70.0,77.0
4,5.0,1,200,2,83.0,96.0
4,5.0,1,200,1,60.0,63.0
4,5.0,1,200,2,45.0,80.0
4,5.0,1,200,1,88.0,99.0
4,5.0,1,200,2,95.0,99.0
4,5.0,1,200,2,77.0,85.0
4,5.0,1,200,1,105.0,106.0
4,5.0,1,200,2,77.0,93.0
4,5.0,1,200,3,85.0,92.0
4,5.0,1,200,1,88.0,95.0
4,5.0,1,200,2,65.0,65.0
4,5.0,1,200,1,83.0,101.0
4,5.0,1,200,1,83.0,104.0
4,5.0,1,200,3,73.0,86.0
4,5.0,1,200,1,77.0,99.0
4,5.0,1,200,2,77.0,85.0
4,5.0,1,200,2,88.0,102.0
4,5.0,1,200,3,73.0,84.0
4,5.0,1,200,1,88.0,89.0
4,5.0,1,200,1,93.0,98.0
4,5.0,1,200,1,83.0,100.0
4,5.0,1,200,1,88.0,32.0
4,5.0,1,200,1,80.0,94.0
4,5.0,1,200,1,77.0,96.0
4,5.0,1,200,1,88.0,96.0
4,5.0,1,200,3,60.0,79.0
4,5.0,1,200,4,65.0,94.0
4,5.0,1,200,4,92.0,84.0
4,5.0,1,200,2,60.0,93.0
4,5.0,1,200,5,20.0,33.0
4,5.0,1,200,4,60.0,97.0
4,5.0,1,200,4,60.0,90.0
4,5.0,1,200,3,60.0,78.0
4,5.0,1,200,2,60.0,106.0
4,5.0,1,200,2,60.0,97.0
4,5.0,1,200,2,60.0,87.0
4,5.0,1,200,2,60.0,95.0
4,5.0,1,200,2,60.0,107.0
4,5.0,1,200,2,60.0,98.0
4,5.0,1,200,3,60.0,66.0
4,5.0,1,200,3,60.0,62.0
4,5.0,1,200,3,92.0,80.0
9,8.2,1,420,2,77.0,87.0
9,8.2,1,420,2,77.0,83.0
9,8.2,1,420,1,88.0,94.0
9,8.2,1,420,2,77.0,79.0
9,8.2,1,420,2,100.0,99.0
9,8.2,1,420,1,80.0,77.0
9,8.2,1,420,3,88.0,84.0
9,8.2,1,420,4,20.0,51.0
9,8.2,1,420,2,93.0,82.0
9,8.2,1,420,4,65.0,79.0
9,8.2,1,420,2,92.0,95.0
9,8.2,1,420,3,83.0,79.0
9,8.2,1,420,3,87.0,79.0
9,8.2,1,420,2,75.0,86.0
9,8.2,1,420,2,77.0,86.0
9,8.2,1,420,2,75.0,90.0
9,8.2,1,420,2,84.0,83.0
9,8.2,1,420,2,70.0,81.0
9,8.2,1,420,1,77.0,70.0
20,5.2,1,400,2,63.0,66.0
20,5.2,1,400,4,77.0,96.0
20,5.2,1,400,3,95.0,89.0
20,5.2,1,400,3,85.0,81.0
20,5.2,1,400,2,63.0,80.0
190,13.0,1,410,2,77.0,83.0
79,2.0,1,400,4,50.0,99.0
79,2.0,1,400,3,50.0,76.0
79,2.0,1,400,4,50.0,81.0
6,9.9,1,400,2,83.0,86.0
6,9.9,1,400,2,87.0,97.0
6,9.9,1,400,2,77.0,98.0
6,9.9,1,400,3,83.0,86.0
6,9.9,1,400,2,75.0,79.0
6,9.9,1,400,2,85.0,101.0
6,9.9,1,400,2,88.0,99.0
6,9.9,1,400,2,90.0,101.0
6,9.9,1,400,2,90.0,98.0
6,9.9,1,400,2,90.0,98.0
6,9.9,1,400,2,90.0,100.0
6,9.9,1,400,2,90.0,99.0
6,9.9,1,400,2,90.0,100.0
6,9.9,1,400,2,90.0,102.0
6,9.9,1,400,2,90.0,98.0
6,9.9,1,400,2,83.0,87.0
6,9.9,1,400,2,88.0,101.0
6,9.9,1,400,2,80.0,85.0
6,9.9,1,400,2,80.0,82.0
6,9.9,1,400,2,80.0,83.0
6,9.9,1,400,4,95.0,100.0
6,9.9,1,400,2,75.0,81.0
6,9.9,1,400,2,75.0,84.0
6,9.9,1,400,4,75.0,84.0
6,9.9,1,400,2,75.0,81.0
6,9.9,1,400,3,70.0,82.0
13,7.3,1,400,3,25.0,35.0
2,9.9,1,400,1,88.0,92.0
2,9.9,1,400,2,85.0,84.0
2,9.9,1,400,2,70.0,80.0
2,9.9,1,400,2,80.0,99.0
2,9.9,1,400,2,75.0,87.0
16,7.9,1,400,3,77.0,92.0
16,7.9,1,400,3,77.0,83.0
21,-4.0,1,200,4,93.0,98.0
21,-4.0,1,200,4,20.0,68.0
21,-4.0,1,200,3,93.0,75.0
21,-4.0,1,200,4,93.0,78.0
21,-4.0,1,200,4,93.0,79.0
21,-3.0,1,200,4,93.0,98.0
21,-3.0,1,200,4,20.0,68.0
21,-3.0,1,200,3,93.0,75.0
21,-3.0,1,200,4,93.0,78.0
21,-3.0,1,200,4,93.0,79.0
8,8.0,1,400,2,77.0,99.0
8,8.0,1,400,2,75.0,85.0
8,8.0,1,400,2,75.0,80.0
8,8.0,1,400,2,70.0,77.0
8,8.0,1,400,2,77.0,95.0
8,8.0,1,400,2,75.0,104.0
8,8.0,1,400,2,90.0,91.0
8,8.0,1,400,3,80.0,90.0
8,8.0,1,400,2,76.0,80.0
8,8.0,1,400,2,77.0,85.0
8,8.0,1,400,3,80.0,88.0
8,8.0,1,400,3,70.0,84.0
8,8.0,1,400,3,70.0,85.0
8,8.0,1,400,1,80.0,80.0
8,8.0,1,400,2,90.0,85.0
8,8.0,1,400,2,80.0,98.0
8,8.0,1,400,2,80.0,92.0
8,8.0,1,400,3,75.0,84.0
8,8.0,1,400,3,75.0,85.0
8,8.0,1,400,3,80.0,85.0
20,4.1,1,400,2,63.0,63.0
20,4.1,1,400,4,77.0,96.0
20,4.1,1,400,3,95.0,92.0
20,4.1,1,400,3,85.0,81.0
20,4.1,1,400,2,63.0,80.0
63,6.7,1,410,3,70.0,95.0
63,6.7,1,410,4,70.0,79.0
10,9.4,1,410,3,77.0,88.0
10,9.4,1,410,2,61.0,61.0
10,9.4,1,410,2,80.0,84.0
10,9.4,1,410,3,83.0,86.0
4,6.0,1,420,1,63.0,95.0
4,6.0,1,420,1,63.0,104.0
4,6.0,1,420,1,100.0,106.0
4,6.0,1,420,1,100.0,96.0
4,6.0,1,420,1,105.0,108.0
4,6.0,1,420,1,105.0,107.0
4,6.0,1,420,1,96.0,94.0
4,6.0,1,420,1,95.0,109.0
4,6.0,1,420,2,75.0,86.0
4,6.0,1,420,1,95.0,107.0
4,6.0,1,420,1,80.0,101.0
4,6.0,1,420,2,85.0,86.0
4,6.0,1,420,1,95.0,108.0
4,6.0,1,420,2,70.0,81.0
4,6.0,1,420,1,75.0,84.0
4,6.0,1,420,2,70.0,77.0
4,6.0,1,420,2,83.0,98.0
4,6.0,1,420,1,60.0,63.0
4,6.0,1,420,2,45.0,80.0
4,6.0,1,420,1,88.0,98.0
4,6.0,1,420,2,95.0,99.0
4,6.0,1,420,2,77.0,85.0
4,6.0,1,420,1,105.0,106.0
4,6.0,1,420,2,77.0,93.0
4,6.0,1,420,3,85.0,96.0
4,6.0,1,420,1,88.0,96.0
4,6.0,1,420,2,65.0,65.0
4,6.0,1,420,1,83.0,101.0
4,6.0,1,420,1,83.0,102.0
4,6.0,1,420,3,73.0,86.0
4,6.0,1,420,1,77.0,99.0
4,6.0,1,420,2,77.0,85.0
4,6.0,1,420,2,88.0,103.0
4,6.0,1,420,3,73.0,84.0
4,6.0,1,420,1,88.0,90.0
4,6.0,1,420,1,93.0,97.0
4,6.0,1,420,1,83.0,99.0
4,6.0,1,420,1,88.0,32.0
4,6.0,1,420,1,80.0,95.0
4,6.0,1,420,1,77.0,95.0
4,6.0,1,420,1,88.0,96.0
4,6.0,1,420,3,60.0,78.0
4,6.0,1,420,4,65.0,94.0
4,6.0,1,420,4,92.0,84.0
4,6.0,1,420,2,60.0,93.0
4,6.0,1,420,5,20.0,33.0
4,6.0,1,420,4,60.0,97.0
4,6.0,1,420,4,60.0,90.0
4,6.0,1,420,3,60.0,78.0
4,6.0,1,420,2,60.0,102.0
4,6.0,1,420,2,60.0,100.0
4,6.0,1,420,2,60.0,85.0
4,6.0,1,420,2,60.0,94.0
4,6.0,1,420,2,60.0,105.0
4,6.0,1,420,2,60.0,97.0
4,6.0,1,420,3,60.0,66.0
4,6.0,1,420,3,60.0,62.0
4,6.0,1,420,3,92.0,80.0
6,7.4,1,400,2,83.0,86.0
6,7.4,1,400,2,87.0,97.0
6,7.4,1,400,2,77.0,97.0
6,7.4,1,400,3,83.0,86.0
6,7.4,1,400,2,75.0,79.0
6,7.4,1,400,2,85.0,101.0
6,7.4,1,400,2,88.0,99.0
6,7.4,1,400,2,90.0,99.0
6,7.4,1,400,2,90.0,99.0
6,7.4,1,400,2,90.0,100.0
6,7.4,1,400,2,90.0,99.0
6,7.4,1,400,2,90.0,100.0
6,7.4,1,400,2,90.0,99.0
6,7.4,1,400,2,90.0,102.0
6,7.4,1,400,2,90.0,99.0
6,7.4,1,400,2,83.0,96.0
6,7.4,1,400,2,88.0,95.0
6,7.4,1,400,2,80.0,85.0
6,7.4,1,400,2,80.0,82.0
6,7.4,1,400,2,80.0,83.0
6,7.4,1,400,4,95.0,100.0
6,7.4,1,400,2,75.0,81.0
6,7.4,1,400,2,75.0,84.0
6,7.4,1,400,4,75.0,84.0
6,7.4,1,400,2,75.0,82.0
6,7.4,1,400,3,70.0,89.0
73,10.0,1,400,3,75.0,65.0
65,8.1,1,400,1,77.0,87.0
65,8.1,1,400,1,70.0,81.0
65,8.1,1,400,1,50.0,56.0
10,9.3,1,400,3,77.0,88.0
10,9.3,1,400,2,61.0,61.0
10,9.3,1,400,2,80.0,84.0
10,9.3,1,400,3,83.0,86.0
75,9.0,1,410,4,96.0,91.0
75,9.0,1,410,4,72.0,86.0
75,9.0,1,410,2,70.0,81.0
75,9.0,1,410,4,93.0,100.0
63,6.3,1,420,3,70.0,95.0
63,6.3,1,420,4,70.0,79.0
5,4.7,1,411,2,78.0,103.0
5,4.7,1,411,3,88.0,84.0
5,4.7,1,411,2,85.0,81.0
5,4.7,1,411,2,83.0,101.0
130,14.4,1,410,3,77.0,83.0
130,14.4,1,410,2,89.0,79.0
5,7.7,1,410,2,78.0,103.0
5,7.7,1,410,3,88.0,84.0
5,7.7,1,410,2,85.0,81.0
5,7.7,1,410,2,83.0,101.0
20,5.5,1,400,2,63.0,63.0
20,5.5,1,400,4,77.0,96.0
20,5.5,1,400,3,95.0,92.0
20,5.5,1,400,3,85.0,81.0
20,5.5,1,400,2,63.0,80.0
10,13.6,1,400,3,77.0,88.0
10,13.6,1,400,2,61.0,61.0
10,13.6,1,400,2,80.0,84.0
10,13.6,1,400,3,83.0,86.0
21,4.0,1,400,4,93.0,98.0
21,4.0,1,400,4,20.0,68.0
21,4.0,1,400,3,93.0,75.0
21,4.0,1,400,4,93.0,78.0
21,4.0,1,400,4,93.0,79.0
28,6.2,1,420,3,70.0,77.0
28,6.2,1,420,3,77.0,84.0
28,6.2,1,420,3,93.0,89.0
4,10.4,1,400,1,63.0,95.0
4,10.4,1,400,1,63.0,104.0
4,10.4,1,400,1,100.0,106.0
4,10.4,1,400,1,100.0,96.0
4,10.4,1,400,1,105.0,108.0
4,10.4,1,400,1,105.0,107.0
4,10.4,1,400,1,96.0,94.0
4,10.4,1,400,1,95.0,109.0
4,10.4,1,400,2,75.0,86.0
4,10.4,1,400,1,95.0,107.0
4,10.4,1,400,1,80.0,101.0
4,10.4,1,400,2,85.0,86.0
4,10.4,1,400,1,95.0,108.0
4,10.4,1,400,2,70.0,81.0
4,10.4,1,400,1,75.0,84.0
4,10.4,1,400,2,70.0,77.0
4,10.4,1,400,2,83.0,98.0
4,10.4,1,400,1,60.0,63.0
4,10.4,1,400,2,45.0,80.0
4,10.4,1,400,1,88.0,98.0
4,10.4,1,400,2,95.0,99.0
4,10.4,1,400,2,77.0,85.0
4,10.4,1,400,1,105.0,106.0
4,10.4,1,400,2,77.0,93.0
4,10.4,1,400,3,85.0,96.0
4,10.4,1,400,1,88.0,96.0
4,10.4,1,400,2,65.0,65.0
4,10.4,1,400,1,83.0,101.0
4,10.4,1,400,1,83.0,102.0
4,10.4,1,400,3,73.0,86.0
4,10.4,1,400,1,77.0,99.0
4,10.4,1,400,2,77.0,85.0
4,10.4,1,400,2,88.0,103.0
4,10.4,1,400,3,73.0,84.0
4,10.4,1,400,1,88.0,90.0
4,10.4,1,400,1,93.0,97.0
4,10.4,1,400,1,83.0,99.0
4,10.4,1,400,1,88.0,32.0
4,10.4,1,400,1,80.0,95.0
4,10.4,1,400,1,77.0,95.0
4,10.4,1,400,1,88.0,96.0
4,10.4,1,400,3,60.0,78.0
4,10.4,1,400,4,65.0,94.0
4,10.4,1,400,4,92.0,84.0
4,10.4,1,400,2,60.0,93.0
4,10.4,1,400,5,20.0,33.0
4,10.4,1,400,4,60.0,97.0
4,10.4,1,400,4,60.0,90.0
4,10.4,1,400,3,60.0,78.0
4,10.4,1,400,2,60.0,102.0
4,10.4,1,400,2,60.0,100.0
4,10.4,1,400,2,60.0,85.0
4,10.4,1,400,2,60.0,94.0
4,10.4,1,400,2,60.0,105.0
4,10.4,1,400,2,60.0,97.0
4,10.4,1,400,3,60.0,66.0
4,10.4,1,400,3,60.0,62.0
4,10.4,1,400,3,92.0,80.0
4,3.8,1,422,1,63.0,95.0
4,3.8,1,422,1,63.0,104.0
4,3.8,1,422,1,100.0,106.0
4,3.8,1,422,1,100.0,96.0
4,3.8,1,422,1,105.0,108.0
4,3.8,1,422,1,105.0,107.0
4,3.8,1,422,1,96.0,94.0
4,3.8,1,422,1,95.0,109.0
4,3.8,1,422,2,75.0,86.0
4,3.8,1,422,1,95.0,107.0
4,3.8,1,422,1,80.0,101.0
4,3.8,1,422,2,85.0,86.0
4,3.8,1,422,1,95.0,108.0
4,3.8,1,422,2,70.0,81.0
4,3.8,1,422,1,75.0,84.0
4,3.8,1,422,2,70.0,77.0
4,3.8,1,422,2,83.0,98.0
4,3.8,1,422,1,60.0,63.0
4,3.8,1,422,2,45.0,80.0
4,3.8,1,422,1,88.0,98.0
4,3.8,1,422,2,95.0,99.0
4,3.8,1,422,2,77.0,85.0
4,3.8,1,422,1,105.0,106.0
4,3.8,1,422,2,77.0,93.0
4,3.8,1,422,3,85.0,96.0
4,3.8,1,422,1,88.0,96.0
4,3.8,1,422,2,65.0,65.0
4,3.8,1,422,1,83.0,101.0
4,3.8,1,422,1,83.0,103.0
4,3.8,1,422,3,73.0,86.0
4,3.8,1,422,1,77.0,97.0
4,3.8,1,422,2,77.0,85.0
4,3.8,1,422,2,88.0,104.0
4,3.8,1,422,3,73.0,84.0
4,3.8,1,422,1,88.0,89.0
4,3.8,1,422,1,93.0,99.0
4,3.8,1,422,1,83.0,100.0
4,3.8,1,422,1,88.0,32.0
4,3.8,1,422,1,80.0,95.0
4,3.8,1,422,1,77.0,95.0
4,3.8,1,422,1,88.0,95.0
4,3.8,1,422,3,60.0,78.0
4,3.8,1,422,4,65.0,94.0
4,3.8,1,422,4,92.0,84.0
4,3.8,1,422,2,60.0,91.0
4,3.8,1,422,5,20.0,33.0
4,3.8,1,422,4,60.0,97.0
4,3.8,1,422,4,60.0,90.0
4,3.8,1,422,3,60.0,78.0
4,3.8,1,422,2,60.0,101.0
4,3.8,1,422,2,60.0,102.0
4,3.8,1,422,2,60.0,92.0
4,3.8,1,422,2,60.0,97.0
4,3.8,1,422,2,60.0,102.0
4,3.8,1,422,2,60.0,96.0
4,3.8,1,422,3,60.0,66.0
4,3.8,1,422,3,60.0,62.0
4,3.8,1,422,3,92.0,80.0
4,4.0,1,400,1,63.0,95.0
4,4.0,1,400,1,63.0,104.0
4,4.0,1,400,1,100.0,106.0
4,4.0,1,400,1,100.0,96.0
4,4.0,1,400,1,105.0,108.0
4,4.0,1,400,1,105.0,107.0
4,4.0,1,400,1,96.0,94.0
4,4.0,1,400,1,95.0,109.0
4,4.0,1,400,2,75.0,86.0
4,4.0,1,400,1,95.0,107.0
4,4.0,1,400,1,80.0,101.0
4,4.0,1,400,2,85.0,86.0
4,4.0,1,400,1,95.0,108.0
4,4.0,1,400,2,70.0,81.0
4,4.0,1,400,1,75.0,84.0
4,4.0,1,400,2,70.0,77.0
4,4.0,1,400,2,83.0,98.0
4,4.0,1,400,1,60.0,63.0
4,4.0,1,400,2,45.0,80.0
4,4.0,1,400,1,88.0,98.0
4,4.0,1,400,2,95.0,99.0
4,4.0,1,400,2,77.0,85.0
4,4.0,1,400,1,105.0,106.0
4,4.0,1,400,2,77.0,93.0
4,4.0,1,400,3,85.0,96.0
4,4.0,1,400,1,88.0,96.0
4,4.0,1,400,2,65.0,65.0
4,4.0,1,400,1,83.0,101.0
4,4.0,1,400,1,83.0,103.0
4,4.0,1,400,3,73.0,86.0
4,4.0,1,400,1,77.0,97.0
4,4.0,1,400,2,77.0,85.0
4,4.0,1,400,2,88.0,104.0
4,4.0,1,400,3,73.0,84.0
4,4.0,1,400,1,88.0,89.0
4,4.0,1,400,1,93.0,99.0
4,4.0,1,400,1,83.0,100.0
4,4.0,1,400,1,88.0,32.0
4,4.0,1,400,1,80.0,95.0
4,4.0,1,400,1,77.0,95.0
4,4.0,1,400,1,88.0,95.0
4,4.0,1,400,3,60.0,78.0
4,4.0,1,400,4,65.0,94.0
4,4.0,1,400,4,92.0,84.0
4,4.0,1,400,2,60.0,91.0
4,4.0,1,400,5,20.0,33.0
4,4.0,1,400,4,60.0,97.0
4,4.0,1,400,4,60.0,90.0
4,4.0,1,400,3,60.0,78.0
4,4.0,1,400,2,60.0,101.0
4,4.0,1,400,2,60.0,102.0
4,4.0,1,400,2,60.0,92.0
4,4.0,1,400,2,60.0,97.0
4,4.0,1,400,2,60.0,102.0
4,4.0,1,400,2,60.0,96.0
4,4.0,1,400,3,60.0,66.0
4,4.0,1,400,3,60.0,62.0
4,4.0,1,400,3,92.0,80.0
5,5.7,1,411,2,78.0,103.0
5,5.7,1,411,3,88.0,84.0
5,5.7,1,411,2,85.0,81.0
5,5.7,1,411,2,83.0,101.0
847,5.6,1,420,2,75.0,95.0
847,5.6,1,420,3,60.0,64.0
847,5.6,1,420,3,50.0,61.0
75,8.6,1,410,4,96.0,91.0
75,8.6,1,410,4,72.0,86.0
75,8.6,1,410,2,70.0,81.0
75,8.6,1,410,4,93.0,100.0
4,10.2,1,300,1,63.0,95.0
4,10.2,1,300,1,63.0,104.0
4,10.2,1,300,1,100.0,106.0
4,10.2,1,300,1,100.0,96.0
4,10.2,1,300,1,105.0,108.0
4,10.2,1,300,1,105.0,107.0
4,10.2,1,300,1,96.0,94.0
4,10.2,1,300,1,95.0,109.0
4,10.2,1,300,2,75.0,86.0
4,10.2,1,300,1,95.0,107.0
4,10.2,1,300,1,80.0,101.0
4,10.2,1,300,2,85.0,86.0
4,10.2,1,300,1,95.0,108.0
4,10.2,1,300,2,70.0,81.0
4,10.2,1,300,1,75.0,84.0
4,10.2,1,300,2,70.0,77.0
4,10.2,1,300,2,83.0,98.0
4,10.2,1,300,1,60.0,63.0
4,10.2,1,300,2,45.0,80.0
4,10.2,1,300,1,88.0,98.0
4,10.2,1,300,2,95.0,99.0
4,10.2,1,300,2,77.0,85.0
4,10.2,1,300,1,105.0,106.0
4,10.2,1,300,2,77.0,93.0
4,10.2,1,300,3,85.0,96.0
4,10.2,1,300,1,88.0,96.0
4,10.2,1,300,2,65.0,65.0
4,10.2,1,300,1,83.0,101.0
4,10.2,1,300,1,83.0,103.0
4,10.2,1,300,3,73.0,86.0
4,10.2,1,300,1,77.0,97.0
4,10.2,1,300,2,77.0,85.0
4,10.2,1,300,2,88.0,104.0
4,10.2,1,300,3,73.0,84.0
4,10.2,1,300,1,88.0,89.0
4,10.2,1,300,1,93.0,99.0
4,10.2,1,300,1,83.0,100.0
4,10.2,1,300,1,88.0,32.0
4,10.2,1,300,1,80.0,95.0
4,10.2,1,300,1,77.0,95.0
4,10.2,1,300,1,88.0,95.0
4,10.2,1,300,3,60.0,78.0
4,10.2,1,300,4,65.0,94.0
4,10.2,1,300,4,92.0,84.0
4,10.2,1,300,2,60.0,91.0
4,10.2,1,300,5,20.0,33.0
4,10.2,1,300,4,60.0,97.0
4,10.2,1,300,4,60.0,90.0
4,10.2,1,300,3,60.0,78.0
4,10.2,1,300,2,60.0,101.0
4,10.2,1,300,2,60.0,102.0
4,10.2,1,300,2,60.0,92.0
4,10.2,1,300,2,60.0,97.0
4,10.2,1,300,2,60.0,102.0
4,10.2,1,300,2,60.0,96.0
4,10.2,1,300,3,60.0,66.0
4,10.2,1,300,3,60.0,62.0
4,10.2,1,300,3,92.0,80.0
22,6.5,1,410,2,77.0,82.0
22,6.5,1,410,2,65.0,78.0
22,6.5,1,410,2,65.0,80.0
22,6.5,1,410,4,96.0,94.0
22,6.5,1,410,3,83.0,90.0
2,9.1,1,400,1,88.0,92.0
2,9.1,1,400,2,85.0,84.0
2,9.1,1,400,2,70.0,80.0
2,9.1,1,400,2,80.0,97.0
2,9.1,1,400,2,75.0,87.0
44,8.9,1,400,3,70.0,76.0
18,8.3,1,400,3,90.0,91.0
18,8.3,1,400,2,77.0,86.0
18,8.3,1,400,2,76.0,84.0
18,8.3,1,400,3,70.0,87.0
18,8.3,1,400,3,77.0,79.0
18,8.3,1,400,2,77.0,84.0
18,8.3,1,400,3,70.0,85.0
18,8.3,1,400,2,76.0,84.0
18,8.3,1,400,3,70.0,53.0
18,8.3,1,400,3,70.0,78.0
4,12.6,1,400,1,63.0,95.0
4,12.6,1,400,1,63.0,104.0
4,12.6,1,400,1,100.0,106.0
4,12.6,1,400,1,100.0,96.0
4,12.6,1,400,1,105.0,108.0
4,12.6,1,400,1,105.0,107.0
4,12.6,1,400,1,96.0,94.0
4,12.6,1,400,1,95.0,109.0
4,12.6,1,400,2,75.0,86.0
4,12.6,1,400,1,95.0,107.0
4,12.6,1,400,1,80.0,101.0
4,12.6,1,400,2,85.0,86.0
4,12.6,1,400,1,95.0,108.0
4,12.6,1,400,2,70.0,81.0
4,12.6,1,400,1,75.0,84.0
4,12.6,1,400,2,70.0,77.0
4,12.6,1,400,2,83.0,98.0
4,12.6,1,400,1,60.0,63.0
4,12.6,1,400,2,45.0,80.0
4,12.6,1,400,1,88.0,98.0
4,12.6,1,400,2,95.0,99.0
4,12.6,1,400,2,77.0,85.0
4,12.6,1,400,1,105.0,106.0
4,12.6,1,400,2,77.0,93.0
4,12.6,1,400,3,85.0,96.0
4,12.6,1,400,1,88.0,96.0
4,12.6,1,400,2,65.0,65.0
4,12.6,1,400,1,83.0,100.0
4,12.6,1,400,1,83.0,103.0
4,12.6,1,400,3,73.0,86.0
4,12.6,1,400,1,77.0,97.0
4,12.6,1,400,2,77.0,85.0
4,12.6,1,400,2,88.0,102.0
4,12.6,1,400,3,73.0,84.0
4,12.6,1,400,1,88.0,89.0
4,12.6,1,400,1,93.0,98.0
4,12.6,1,400,1,83.0,97.0
4,12.6,1,400,1,88.0,32.0
4,12.6,1,400,1,80.0,95.0
4,12.6,1,400,1,77.0,96.0
4,12.6,1,400,1,88.0,95.0
4,12.6,1,400,3,60.0,78.0
4,12.6,1,400,4,65.0,94.0
4,12.6,1,400,4,92.0,84.0
4,12.6,1,400,2,60.0,90.0
4,12.6,1,400,5,20.0,33.0
4,12.6,1,400,4,60.0,97.0
4,12.6,1,400,4,60.0,90.0
4,12.6,1,400,3,60.0,78.0
4,12.6,1,400,2,60.0,101.0
4,12.6,1,400,2,60.0,99.0
4,12.6,1,400,2,60.0,93.0
4,12.6,1,400,2,60.0,100.0
4,12.6,1,400,2,60.0,106.0
4,12.6,1,400,2,60.0,96.0
4,12.6,1,400,3,60.0,66.0
4,12.6,1,400,3,60.0,62.0
4,12.6,1,400,3,92.0,80.0
78,3.0,1,412,4,77.0,87.0
78,3.0,1,412,6,92.0,68.0
78,3.0,1,412,4,67.0,88.0
78,3.0,1,412,3,67.0,61.0
7,12.6,1,400,1,105.0,104.0
7,12.6,1,400,1,105.0,106.0
7,12.6,1,400,1,100.0,100.0
7,12.6,1,400,1,105.0,105.0
7,12.6,1,400,1,105.0,104.0
7,12.6,1,400,1,105.0,106.0
7,12.6,1,400,1,105.0,104.0
7,12.6,1,400,1,105.0,106.0
7,12.6,1,400,1,100.0,106.0
7,12.6,1,400,1,105.0,104.0
7,12.6,1,400,1,105.0,104.0
7,12.6,1,400,1,105.0,107.0
7,12.6,1,400,2,105.0,108.0
7,12.6,1,400,2,105.0,110.0
7,12.6,1,400,2,105.0,103.0
7,12.6,1,400,1,105.0,104.0
7,12.6,1,400,1,105.0,60.0
7,12.6,1,400,2,90.0,104.0
7,12.6,1,400,2,90.0,104.0
7,12.6,1,400,2,90.0,101.0
7,12.6,1,400,2,90.0,93.0
7,12.6,1,400,2,75.0,100.0
7,12.6,1,400,2,75.0,101.0
7,12.6,1,400,2,75.0,82.0
7,12.6,1,400,2,75.0,100.0
7,12.6,1,400,2,75.0,99.0
7,12.6,1,400,2,103.0,104.0
7,12.6,1,400,2,90.0,103.0
7,12.6,1,400,2,103.0,88.0
7,12.6,1,400,2,83.0,106.0
7,12.6,1,400,2,87.0,97.0
7,12.6,1,400,2,88.0,99.0
7,12.6,1,400,2,103.0,103.0
7,12.6,1,400,2,103.0,103.0
7,12.6,1,400,2,25.0,51.0
7,12.6,1,400,2,103.0,101.0
7,12.6,1,400,2,103.0,100.0
637,8.4,1,410,3,77.0,79.0
16,6.9,1,400,3,77.0,92.0
16,6.9,1,400,3,77.0,83.0
8,5.0,1,410,2,77.0,99.0
8,5.0,1,410,2,75.0,85.0
8,5.0,1,410,2,75.0,80.0
8,5.0,1,410,2,70.0,77.0
8,5.0,1,410,2,77.0,95.0
8,5.0,1,410,2,75.0,104.0
8,5.0,1,410,2,90.0,91.0
8,5.0,1,410,3,80.0,90.0
8,5.0,1,410,2,76.0,80.0
8,5.0,1,410,2,77.0,85.0
8,5.0,1,410,3,80.0,88.0
8,5.0,1,410,3,70.0,84.0
8,5.0,1,410,3,70.0,85.0
8,5.0,1,410,1,80.0,80.0
8,5.0,1,410,2,90.0,85.0
8,5.0,1,410,2,80.0,98.0
8,5.0,1,410,2,80.0,92.0
8,5.0,1,410,3,75.0,84.0
8,5.0,1,410,3,75.0,85.0
8,5.0,1,410,3,80.0,85.0
2,9.3,1,400,1,88.0,92.0
2,9.3,1,400,2,85.0,84.0
2,9.3,1,400,2,70.0,80.0
2,9.3,1,400,2,80.0,97.0
2,9.3,1,400,2,75.0,87.0
67,8.0,1,300,2,77.0,81.0
67,8.0,1,300,2,77.0,84.0
67,8.0,1,300,3,90.0,85.0
67,8.0,1,300,3,70.0,83.0
28,6.7,1,410,3,70.0,77.0
28,6.7,1,410,3,77.0,84.0
28,6.7,1,410,3,93.0,89.0
73,8.0,1,410,3,75.0,65.0
89,6.0,1,400,6,90.0,77.0
93,2.0,1,200,6,50.0,43.0
12,9.6,1,400,2,80.0,84.0
12,9.6,1,400,3,70.0,79.0
12,9.6,1,400,2,77.0,82.0
12,9.6,1,400,3,77.0,78.0
12,9.6,1,400,2,83.0,85.0
12,9.6,1,400,1,55.0,63.0
12,9.6,1,400,1,53.0,57.0
5,2.7,1,412,2,78.0,103.0
5,2.7,1,412,3,88.0,84.0
5,2.7,1,412,2,85.0,81.0
5,2.7,1,412,2,83.0,101.0
6,7.0,1,400,2,83.0,86.0
6,7.0,1,400,2,87.0,97.0
6,7.0,1,400,2,77.0,97.0
6,7.0,1,400,3,83.0,86.0
6,7.0,1,400,2,75.0,79.0
6,7.0,1,400,2,85.0,101.0
6,7.0,1,400,2,88.0,99.0
6,7.0,1,400,2,90.0,100.0
6,7.0,1,400,2,90.0,99.0
6,7.0,1,400,2,90.0,100.0
6,7.0,1,400,2,90.0,101.0
6,7.0,1,400,2,90.0,100.0
6,7.0,1,400,2,90.0,101.0
6,7.0,1,400,2,90.0,102.0
6,7.0,1,400,2,90.0,99.0
6,7.0,1,400,2,83.0,96.0
6,7.0,1,400,2,88.0,95.0
6,7.0,1,400,2,80.0,85.0
6,7.0,1,400,2,80.0,82.0
6,7.0,1,400,2,80.0,83.0
6,7.0,1,400,4,95.0,100.0
6,7.0,1,400,2,75.0,81.0
6,7.0,1,400,2,75.0,84.0
6,7.0,1,400,4,75.0,84.0
6,7.0,1,400,2,75.0,82.0
6,7.0,1,400,3,70.0,89.0
140,7.6,1,300,3,77.0,85.0
140,7.6,1,300,3,70.0,69.0
170,14.5,1,300,4,65.0,66.0
170,14.5,1,300,2,79.0,71.0
170,14.5,1,300,4,65.0,81.0
170,14.5,1,300,4,50.0,61.0
170,14.5,1,300,3,75.0,50.0
170,14.5,1,300,4,83.0,79.0
8,8.7,1,400,2,77.0,99.0
8,8.7,1,400,2,75.0,85.0
8,8.7,1,400,2,75.0,80.0
8,8.7,1,400,2,70.0,77.0
8,8.7,1,400,2,77.0,95.0
8,8.7,1,400,2,75.0,104.0
8,8.7,1,400,2,90.0,91.0
8,8.7,1,400,3,80.0,90.0
8,8.7,1,400,2,76.0,80.0
8,8.7,1,400,2,77.0,85.0
8,8.7,1,400,3,80.0,88.0
8,8.7,1,400,3,70.0,84.0
8,8.7,1,400,3,70.0,85.0
8,8.7,1,400,1,80.0,80.0
8,8.7,1,400,2,90.0,85.0
8,8.7,1,400,2,80.0,98.0
8,8.7,1,400,2,80.0,92.0
8,8.7,1,400,3,75.0,84.0
8,8.7,1,400,3,75.0,85.0
8,8.7,1,400,3,80.0,85.0
83,3.0,1,422,4,70.0,86.0
1,9.0,1,400,1,95.0,92.0
1,9.0,1,400,1,105.0,104.0
1,9.0,1,400,1,80.0,85.0
1,9.0,1,400,1,105.0,95.0
1,9.0,1,400,1,100.0,91.0
1,9.0,1,400,1,100.0,85.0
1,9.0,1,400,1,105.0,93.0
1,9.0,1,400,1,105.0,96.0
1,9.0,1,400,1,105.0,100.0
1,9.0,1,400,1,88.0,108.0
1,9.0,1,400,1,100.0,106.0
1,9.0,1,400,2,95.0,101.0
1,9.8,1,410,1,95.0,92.0
1,9.8,1,410,1,105.0,104.0
1,9.8,1,410,1,80.0,85.0
1,9.8,1,410,1,105.0,95.0
1,9.8,1,410,1,100.0,91.0
1,9.8,1,410,1,100.0,85.0
1,9.8,1,410,1,105.0,93.0
1,9.8,1,410,1,105.0,96.0
1,9.8,1,410,1,105.0,100.0
1,9.8,1,410,1,88.0,108.0
1,9.8,1,410,1,100.0,106.0
1,9.8,1,410,2,95.0,101.0
89,7.0,1,400,6,90.0,77.0
9,7.8,1,400,2,77.0,87.0
9,7.8,1,400,2,77.0,83.0
9,7.8,1,400,1,88.0,95.0
9,7.8,1,400,2,77.0,79.0
9,7.8,1,400,2,100.0,99.0
9,7.8,1,400,1,80.0,76.0
9,7.8,1,400,3,88.0,84.0
9,7.8,1,400,4,20.0,46.0
9,7.8,1,400,2,93.0,82.0
9,7.8,1,400,4,65.0,75.0
9,7.8,1,400,2,92.0,95.0
9,7.8,1,400,3,83.0,79.0
9,7.8,1,400,3,87.0,79.0
9,7.8,1,400,2,75.0,86.0
9,7.8,1,400,2,77.0,86.0
9,7.8,1,400,2,75.0,90.0
9,7.8,1,400,2,84.0,83.0
9,7.8,1,400,2,70.0,81.0
9,7.8,1,400,1,77.0,69.0
82,4.0,1,400,4,60.0,83.0
82,4.0,1,400,4,20.0,22.0
44,7.0,1,400,3,70.0,76.0
5,2.0,1,400,2,78.0,103.0
5,2.0,1,400,3,88.0,84.0
5,2.0,1,400,2,85.0,81.0
5,2.0,1,400,2,83.0,101.0
77,7.2,1,410,4,93.0,83.0
77,7.2,1,410,4,77.0,81.0
7,15.7,1,400,1,105.0,104.0
7,15.7,1,400,1,105.0,107.0
7,15.7,1,400,1,100.0,102.0
7,15.7,1,400,1,105.0,106.0
7,15.7,1,400,1,105.0,105.0
7,15.7,1,400,1,105.0,105.0
7,15.7,1,400,1,105.0,105.0
7,15.7,1,400,1,105.0,105.0
7,15.7,1,400,1,100.0,106.0
7,15.7,1,400,1,105.0,104.0
7,15.7,1,400,1,105.0,103.0
7,15.7,1,400,1,105.0,105.0
7,15.7,1,400,2,105.0,105.0
7,15.7,1,400,2,105.0,110.0
7,15.7,1,400,2,105.0,104.0
7,15.7,1,400,1,105.0,104.0
7,15.7,1,400,1,105.0,59.0
7,15.7,1,400,2,90.0,106.0
7,15.7,1,400,2,90.0,106.0
7,15.7,1,400,2,90.0,98.0
7,15.7,1,400,2,90.0,100.0
7,15.7,1,400,2,75.0,100.0
7,15.7,1,400,2,75.0,103.0
7,15.7,1,400,2,75.0,78.0
7,15.7,1,400,2,75.0,97.0
7,15.7,1,400,2,75.0,99.0
7,15.7,1,400,2,103.0,104.0
7,15.7,1,400,2,90.0,102.0
7,15.7,1,400,2,103.0,87.0
7,15.7,1,400,2,83.0,107.0
7,15.7,1,400,2,87.0,97.0
7,15.7,1,400,2,88.0,100.0
7,15.7,1,400,2,103.0,105.0
7,15.7,1,400,2,103.0,103.0
7,15.7,1,400,2,25.0,50.0
7,15.7,1,400,2,103.0,100.0
7,15.7,1,400,2,103.0,99.0
72,8.5,1,410,4,88.0,99.0
102,9.3,1,410,1,63.0,68.0
102,9.3,1,410,1,83.0,83.0
102,9.3,1,410,1,83.0,39.0
88,6.8,1,410,4,70.0,93.0
88,6.8,1,410,6,75.0,83.0
92,9.0,1,100,6,50.0,60.0
92,9.0,1,100,6,20.0,59.0
18,8.0,1,400,3,90.0,82.0
18,8.0,1,400,2,77.0,85.0
18,8.0,1,400,2,76.0,83.0
18,8.0,1,400,3,70.0,85.0
18,8.0,1,400,3,77.0,80.0
18,8.0,1,400,2,77.0,82.0
18,8.0,1,400,3,70.0,82.0
18,8.0,1,400,2,76.0,81.0
18,8.0,1,400,3,70.0,81.0
18,8.0,1,400,3,70.0,78.0
67,7.0,1,400,2,77.0,84.0
67,7.0,1,400,2,77.0,84.0
67,7.0,1,400,3,90.0,83.0
67,7.0,1,400,3,70.0,89.0
66,8.2,1,400,4,77.0,83.0
66,8.2,1,400,3,70.0,91.0
66,8.2,1,400,3,65.0,85.0
66,8.2,1,400,3,65.0,77.0
140,13.7,1,400,3,77.0,85.0
140,13.7,1,400,3,70.0,69.0
21,3.2,1,412,4,93.0,92.0
21,3.2,1,412,4,20.0,67.0
21,3.2,1,412,3,93.0,74.0
21,3.2,1,412,4,93.0,77.0
21,3.2,1,412,4,93.0,86.0
83,3.0,1,422,4,70.0,86.0
78,3.4,1,400,4,77.0,87.0
78,3.4,1,400,6,92.0,82.0
78,3.4,1,400,4,67.0,88.0
78,3.4,1,400,3,67.0,63.0
13,10.4,1,400,3,25.0,35.0
6,14.6,1,300,2,83.0,86.0
6,14.6,1,300,2,87.0,97.0
6,14.6,1,300,2,77.0,91.0
6,14.6,1,300,3,83.0,85.0
6,14.6,1,300,2,75.0,79.0
6,14.6,1,300,2,85.0,101.0
6,14.6,1,300,2,88.0,102.0
6,14.6,1,300,2,90.0,101.0
6,14.6,1,300,2,90.0,98.0
6,14.6,1,300,2,90.0,100.0
6,14.6,1,300,2,90.0,101.0
6,14.6,1,300,2,90.0,99.0
6,14.6,1,300,2,90.0,101.0
6,14.6,1,300,2,90.0,100.0
6,14.6,1,300,2,90.0,102.0
6,14.6,1,300,2,83.0,95.0
6,14.6,1,300,2,88.0,100.0
6,14.6,1,300,2,80.0,86.0
6,14.6,1,300,2,80.0,82.0
6,14.6,1,300,2,80.0,83.0
6,14.6,1,300,4,95.0,96.0
6,14.6,1,300,2,75.0,82.0
6,14.6,1,300,2,75.0,84.0
6,14.6,1,300,4,75.0,93.0
6,14.6,1,300,2,75.0,82.0
6,14.6,1,300,3,70.0,86.0
82,3.0,1,400,4,60.0,83.0
82,3.0,1,400,4,20.0,22.0
6,8.0,1,400,2,83.0,86.0
6,8.0,1,400,2,87.0,97.0
6,8.0,1,400,2,77.0,91.0
6,8.0,1,400,3,83.0,85.0
6,8.0,1,400,2,75.0,79.0
6,8.0,1,400,2,85.0,101.0
6,8.0,1,400,2,88.0,102.0
6,8.0,1,400,2,90.0,101.0
6,8.0,1,400,2,90.0,98.0
6,8.0,1,400,2,90.0,100.0
6,8.0,1,400,2,90.0,101.0
6,8.0,1,400,2,90.0,99.0
6,8.0,1,400,2,90.0,101.0
6,8.0,1,400,2,90.0,100.0
6,8.0,1,400,2,90.0,102.0
6,8.0,1,400,2,83.0,95.0
6,8.0,1,400,2,88.0,100.0
6,8.0,1,400,2,80.0,86.0
6,8.0,1,400,2,80.0,82.0
6,8.0,1,400,2,80.0,83.0
6,8.0,1,400,4,95.0,96.0
6,8.0,1,400,2,75.0,82.0
6,8.0,1,400,2,75.0,84.0
6,8.0,1,400,4,75.0,93.0
6,8.0,1,400,2,75.0,82.0
6,8.0,1,400,3,70.0,86.0
8,8.7,1,400,2,77.0,97.0
8,8.7,1,400,2,75.0,83.0
8,8.7,1,400,2,75.0,79.0
8,8.7,1,400,2,70.0,72.0
8,8.7,1,400,2,77.0,93.0
8,8.7,1,400,2,75.0,102.0
8,8.7,1,400,2,90.0,91.0
8,8.7,1,400,3,80.0,81.0
8,8.7,1,400,2,76.0,79.0
8,8.7,1,400,2,77.0,86.0
8,8.7,1,400,3,80.0,85.0
8,8.7,1,400,3,70.0,75.0
8,8.7,1,400,3,70.0,81.0
8,8.7,1,400,1,80.0,80.0
8,8.7,1,400,2,90.0,86.0
8,8.7,1,400,2,80.0,99.0
8,8.7,1,400,2,80.0,89.0
8,8.7,1,400,3,75.0,85.0
8,8.7,1,400,3,75.0,86.0
8,8.7,1,400,3,80.0,81.0
9,8.4,1,400,2,77.0,86.0
9,8.4,1,400,2,77.0,83.0
9,8.4,1,400,1,88.0,95.0
9,8.4,1,400,2,77.0,77.0
9,8.4,1,400,2,100.0,102.0
9,8.4,1,400,1,80.0,76.0
9,8.4,1,400,3,88.0,82.0
9,8.4,1,400,4,20.0,46.0
9,8.4,1,400,2,93.0,84.0
9,8.4,1,400,4,65.0,75.0
9,8.4,1,400,2,92.0,93.0
9,8.4,1,400,3,83.0,79.0
9,8.4,1,400,3,87.0,83.0
9,8.4,1,400,2,75.0,85.0
9,8.4,1,400,2,77.0,83.0
9,8.4,1,400,2,75.0,89.0
9,8.4,1,400,2,84.0,87.0
9,8.4,1,400,2,70.0,82.0
9,8.4,1,400,1,77.0,69.0
5,10.1,1,400,2,78.0,97.0
5,10.1,1,400,3,88.0,84.0
5,10.1,1,400,2,85.0,86.0
5,10.1,1,400,2,83.0,102.0
81,3.0,1,412,6,50.0,78.0
81,3.0,1,412,4,50.0,70.0
51,9.5,1,400,1,90.0,82.0
51,9.5,1,400,1,90.0,81.0
51,9.5,1,400,1,80.0,80.0
51,9.5,1,400,1,90.0,73.0
51,9.5,1,400,2,85.0,83.0
51,9.5,1,400,1,80.0,101.0
51,9.5,1,400,1,80.0,99.0
5,2.0,1,400,2,78.0,97.0
5,2.0,1,400,3,88.0,84.0
5,2.0,1,400,2,85.0,86.0
5,2.0,1,400,2,83.0,102.0
89,7.0,1,400,6,90.0,77.0
8,6.4,1,410,2,77.0,97.0
8,6.4,1,410,2,75.0,83.0
8,6.4,1,410,2,75.0,79.0
8,6.4,1,410,2,70.0,72.0
8,6.4,1,410,2,77.0,93.0
8,6.4,1,410,2,75.0,102.0
8,6.4,1,410,2,90.0,91.0
8,6.4,1,410,3,80.0,81.0
8,6.4,1,410,2,76.0,79.0
8,6.4,1,410,2,77.0,86.0
8,6.4,1,410,3,80.0,85.0
8,6.4,1,410,3,70.0,75.0
8,6.4,1,410,3,70.0,81.0
8,6.4,1,410,1,80.0,80.0
8,6.4,1,410,2,90.0,86.0
8,6.4,1,410,2,80.0,99.0
8,6.4,1,410,2,80.0,89.0
8,6.4,1,410,3,75.0,85.0
8,6.4,1,410,3,75.0,86.0
8,6.4,1,410,3,80.0,81.0
92,8.0,1,100,6,50.0,60.0
92,8.0,1,100,6,20.0,59.0
77,7.4,1,410,4,93.0,83.0
77,7.4,1,410,4,77.0,81.0
22,6.2,1,410,2,77.0,81.0
22,6.2,1,410,2,65.0,76.0
22,6.2,1,410,2,65.0,83.0
22,6.2,1,410,4,96.0,90.0
22,6.2,1,410,3,83.0,82.0
12,14.1,1,400,2,80.0,82.0
12,14.1,1,400,3,70.0,79.0
12,14.1,1,400,2,77.0,83.0
12,14.1,1,400,3,77.0,80.0
12,14.1,1,400,2,83.0,83.0
12,14.1,1,400,1,55.0,64.0
12,14.1,1,400,1,53.0,56.0
7,15.8,1,400,1,105.0,104.0
7,15.8,1,400,1,105.0,105.0
7,15.8,1,400,1,100.0,103.0
7,15.8,1,400,1,105.0,108.0
7,15.8,1,400,1,105.0,104.0
7,15.8,1,400,1,105.0,106.0
7,15.8,1,400,1,105.0,104.0
7,15.8,1,400,1,105.0,105.0
7,15.8,1,400,1,100.0,105.0
7,15.8,1,400,1,105.0,105.0
7,15.8,1,400,1,105.0,102.0
7,15.8,1,400,1,105.0,101.0
7,15.8,1,400,2,105.0,106.0
7,15.8,1,400,2,105.0,110.0
7,15.8,1,400,2,105.0,108.0
7,15.8,1,400,1,105.0,107.0
7,15.8,1,400,1,105.0,59.0
7,15.8,1,400,2,90.0,106.0
7,15.8,1,400,2,90.0,105.0
7,15.8,1,400,2,90.0,100.0
7,15.8,1,400,2,90.0,102.0
7,15.8,1,400,2,75.0,101.0
7,15.8,1,400,2,75.0,102.0
7,15.8,1,400,2,75.0,77.0
7,15.8,1,400,2,75.0,94.0
7,15.8,1,400,2,75.0,98.0
7,15.8,1,400,2,103.0,105.0
7,15.8,1,400,2,90.0,104.0
7,15.8,1,400,2,103.0,87.0
7,15.8,1,400,2,83.0,109.0
7,15.8,1,400,2,87.0,95.0
7,15.8,1,400,2,88.0,100.0
7,15.8,1,400,2,103.0,106.0
7,15.8,1,400,2,103.0,104.0
7,15.8,1,400,2,25.0,50.0
7,15.8,1,400,2,103.0,100.0
7,15.8,1,400,2,103.0,98.0
9,7.8,1,410,2,77.0,86.0
9,7.8,1,410,2,77.0,83.0
9,7.8,1,410,1,88.0,95.0
9,7.8,1,410,2,77.0,77.0
9,7.8,1,410,2,100.0,102.0
9,7.8,1,410,1,80.0,76.0
9,7.8,1,410,3,88.0,82.0
9,7.8,1,410,4,20.0,46.0
9,7.8,1,410,2,93.0,84.0
9,7.8,1,410,4,65.0,75.0
9,7.8,1,410,2,92.0,93.0
9,7.8,1,410,3,83.0,79.0
9,7.8,1,410,3,87.0,83.0
9,7.8,1,410,2,75.0,85.0
9,7.8,1,410,2,77.0,83.0
9,7.8,1,410,2,75.0,89.0
9,7.8,1,410,2,84.0,87.0
9,7.8,1,410,2,70.0,82.0
9,7.8,1,410,1,77.0,69.0
637,6.9,1,410,3,77.0,80.0
637,9.4,1,400,3,77.0,80.0
4,14.8,1,400,1,63.0,90.0
4,14.8,1,400,1,63.0,99.0
4,14.8,1,400,1,100.0,107.0
4,14.8,1,400,1,100.0,96.0
4,14.8,1,400,1,105.0,109.0
4,14.8,1,400,1,105.0,107.0
4,14.8,1,400,1,96.0,96.0
4,14.8,1,400,1,95.0,106.0
4,14.8,1,400,2,75.0,85.0
4,14.8,1,400,1,95.0,106.0
4,14.8,1,400,1,80.0,104.0
4,14.8,1,400,2,85.0,88.0
4,14.8,1,400,1,95.0,109.0
4,14.8,1,400,2,70.0,84.0
4,14.8,1,400,1,75.0,84.0
4,14.8,1,400,2,70.0,83.0
4,14.8,1,400,2,83.0,98.0
4,14.8,1,400,1,60.0,63.0
4,14.8,1,400,2,45.0,81.0
4,14.8,1,400,1,88.0,98.0
4,14.8,1,400,2,95.0,104.0
4,14.8,1,400,2,77.0,85.0
4,14.8,1,400,1,105.0,106.0
4,14.8,1,400,2,77.0,98.0
4,14.8,1,400,3,85.0,98.0
4,14.8,1,400,1,88.0,95.0
4,14.8,1,400,2,65.0,68.0
4,14.8,1,400,1,83.0,97.0
4,14.8,1,400,1,83.0,103.0
4,14.8,1,400,3,73.0,86.0
4,14.8,1,400,1,77.0,97.0
4,14.8,1,400,2,77.0,85.0
4,14.8,1,400,2,88.0,102.0
4,14.8,1,400,3,73.0,83.0
4,14.8,1,400,1,88.0,89.0
4,14.8,1,400,1,93.0,97.0
4,14.8,1,400,1,83.0,98.0
4,14.8,1,400,1,88.0,32.0
4,14.8,1,400,1,80.0,97.0
4,14.8,1,400,1,77.0,96.0
4,14.8,1,400,1,88.0,96.0
4,14.8,1,400,3,60.0,82.0
4,14.8,1,400,4,65.0,92.0
4,14.8,1,400,4,92.0,85.0
4,14.8,1,400,2,60.0,89.0
4,14.8,1,400,5,20.0,33.0
4,14.8,1,400,4,60.0,94.0
4,14.8,1,400,4,60.0,90.0
4,14.8,1,400,3,60.0,78.0
4,14.8,1,400,2,60.0,100.0
4,14.8,1,400,2,60.0,99.0
4,14.8,1,400,2,60.0,92.0
4,14.8,1,400,2,60.0,101.0
4,14.8,1,400,2,60.0,109.0
4,14.8,1,400,2,60.0,100.0
4,14.8,1,400,3,60.0,66.0
4,14.8,1,400,3,60.0,61.0
4,14.8,1,400,3,92.0,84.0
23,9.2,1,400,3,94.0,85.0
23,9.2,1,400,4,93.0,87.0
23,9.2,1,400,4,95.0,89.0
23,9.2,1,400,3,70.0,85.0
130,11.5,1,400,3,77.0,84.0
130,11.5,1,400,2,89.0,81.0
77,7.4,1,420,4,93.0,83.0
77,7.4,1,420,4,77.0,81.0
5,7.6,1,410,2,78.0,97.0
5,7.6,1,410,3,88.0,84.0
5,7.6,1,410,2,85.0,86.0
5,7.6,1,410,2,83.0,102.0
79,4.0,1,412,4,50.0,97.0
79,4.0,1,412,3,50.0,79.0
79,4.0,1,412,4,50.0,83.0
4,3.6,1,412,1,63.0,90.0
4,3.6,1,412,1,63.0,99.0
4,3.6,1,412,1,100.0,107.0
4,3.6,1,412,1,100.0,96.0
4,3.6,1,412,1,105.0,109.0
4,3.6,1,412,1,105.0,107.0
4,3.6,1,412,1,96.0,96.0
4,3.6,1,412,1,95.0,106.0
4,3.6,1,412,2,75.0,85.0
4,3.6,1,412,1,95.0,106.0
4,3.6,1,412,1,80.0,104.0
4,3.6,1,412,2,85.0,88.0
4,3.6,1,412,1,95.0,109.0
4,3.6,1,412,2,70.0,84.0
4,3.6,1,412,1,75.0,84.0
4,3.6,1,412,2,70.0,83.0
4,3.6,1,412,2,83.0,98.0
4,3.6,1,412,1,60.0,63.0
4,3.6,1,412,2,45.0,81.0
4,3.6,1,412,1,88.0,98.0
4,3.6,1,412,2,95.0,104.0
4,3.6,1,412,2,77.0,85.0
4,3.6,1,412,1,105.0,106.0
4,3.6,1,412,2,77.0,98.0
4,3.6,1,412,3,85.0,98.0
4,3.6,1,412,1,88.0,95.0
4,3.6,1,412,2,65.0,68.0
4,3.6,1,412,1,83.0,97.0
4,3.6,1,412,1,83.0,103.0
4,3.6,1,412,3,73.0,86.0
4,3.6,1,412,1,77.0,97.0
4,3.6,1,412,2,77.0,85.0
4,3.6,1,412,2,88.0,102.0
4,3.6,1,412,3,73.0,83.0
4,3.6,1,412,1,88.0,89.0
4,3.6,1,412,1,93.0,97.0
4,3.6,1,412,1,83.0,98.0
4,3.6,1,412,1,88.0,32.0
4,3.6,1,412,1,80.0,97.0
4,3.6,1,412,1,77.0,96.0
4,3.6,1,412,1,88.0,96.0
4,3.6,1,412,3,60.0,82.0
4,3.6,1,412,4,65.0,92.0
4,3.6,1,412,4,92.0,85.0
4,3.6,1,412,2,60.0,89.0
4,3.6,1,412,5,20.0,33.0
4,3.6,1,412,4,60.0,94.0
4,3.6,1,412,4,60.0,90.0
4,3.6,1,412,3,60.0,78.0
4,3.6,1,412,2,60.0,100.0
4,3.6,1,412,2,60.0,99.0
4,3.6,1,412,2,60.0,92.0
4,3.6,1,412,2,60.0,101.0
4,3.6,1,412,2,60.0,109.0
4,3.6,1,412,2,60.0,100.0
4,3.6,1,412,3,60.0,66.0
4,3.6,1,412,3,60.0,61.0
4,3.6,1,412,3,92.0,84.0
12,8.6,1,400,2,80.0,82.0
12,8.6,1,400,3,70.0,79.0
12,8.6,1,400,2,77.0,83.0
12,8.6,1,400,3,77.0,80.0
12,8.6,1,400,2,83.0,82.0
12,8.6,1,400,1,55.0,65.0
12,8.6,1,400,1,53.0,57.0
6,13.2,1,300,2,83.0,86.0
6,13.2,1,300,2,87.0,97.0
6,13.2,1,300,2,77.0,91.0
6,13.2,1,300,3,83.0,85.0
6,13.2,1,300,2,75.0,79.0
6,13.2,1,300,2,85.0,101.0
6,13.2,1,300,2,88.0,102.0
6,13.2,1,300,2,90.0,100.0
6,13.2,1,300,2,90.0,99.0
6,13.2,1,300,2,90.0,99.0
6,13.2,1,300,2,90.0,100.0
6,13.2,1,300,2,90.0,100.0
6,13.2,1,300,2,90.0,100.0
6,13.2,1,300,2,90.0,100.0
6,13.2,1,300,2,90.0,102.0
6,13.2,1,300,2,83.0,95.0
6,13.2,1,300,2,88.0,100.0
6,13.2,1,300,2,80.0,86.0
6,13.2,1,300,2,80.0,82.0
6,13.2,1,300,2,80.0,83.0
6,13.2,1,300,4,95.0,96.0
6,13.2,1,300,2,75.0,82.0
6,13.2,1,300,2,75.0,84.0
6,13.2,1,300,4,75.0,93.0
6,13.2,1,300,2,75.0,81.0
6,13.2,1,300,3,70.0,86.0
65,8.0,1,400,1,77.0,86.0
65,8.0,1,400,1,70.0,76.0
65,8.0,1,400,1,50.0,56.0
7,15.8,1,400,1,105.0,104.0
7,15.8,1,400,1,105.0,105.0
7,15.8,1,400,1,100.0,104.0
7,15.8,1,400,1,105.0,108.0
7,15.8,1,400,1,105.0,106.0
7,15.8,1,400,1,105.0,108.0
7,15.8,1,400,1,105.0,105.0
7,15.8,1,400,1,105.0,106.0
7,15.8,1,400,1,100.0,102.0
7,15.8,1,400,1,105.0,106.0
7,15.8,1,400,1,105.0,103.0
7,15.8,1,400,1,105.0,97.0
7,15.8,1,400,2,105.0,105.0
7,15.8,1,400,2,105.0,107.0
7,15.8,1,400,2,105.0,107.0
7,15.8,1,400,1,105.0,106.0
7,15.8,1,400,1,105.0,63.0
7,15.8,1,400,2,90.0,107.0
7,15.8,1,400,2,90.0,109.0
7,15.8,1,400,2,90.0,99.0
7,15.8,1,400,2,90.0,103.0
7,15.8,1,400,2,75.0,100.0
7,15.8,1,400,2,75.0,99.0
7,15.8,1,400,2,75.0,81.0
7,15.8,1,400,2,75.0,97.0
7,15.8,1,400,2,75.0,102.0
7,15.8,1,400,2,103.0,103.0
7,15.8,1,400,2,90.0,105.0
7,15.8,1,400,2,103.0,89.0
7,15.8,1,400,2,83.0,108.0
7,15.8,1,400,2,87.0,96.0
7,15.8,1,400,2,88.0,101.0
7,15.8,1,400,2,103.0,106.0
7,15.8,1,400,2,103.0,105.0
7,15.8,1,400,2,25.0,50.0
7,15.8,1,400,2,103.0,103.0
7,15.8,1,400,2,103.0,98.0
5,6.6,1,410,2,78.0,97.0
5,6.6,1,410,3,88.0,84.0
5,6.6,1,410,2,85.0,86.0
5,6.6,1,410,2,83.0,102.0
5,6.3,1,400,2,78.0,97.0
5,6.3,1,400,3,88.0,84.0
5,6.3,1,400,2,85.0,86.0
5,6.3,1,400,2,83.0,102.0
11,9.5,1,400,3,80.0,84.0
11,9.5,1,400,2,77.0,83.0
92,8.0,1,100,6,50.0,59.0
92,8.0,1,100,6,20.0,59.0
21,-4.0,1,200,4,93.0,92.0
21,-4.0,1,200,4,20.0,67.0
21,-4.0,1,200,3,93.0,74.0
21,-4.0,1,200,4,93.0,77.0
21,-4.0,1,200,4,93.0,86.0
13,10.0,1,400,3,25.0,35.0
6,14.4,1,300,2,83.0,86.0
6,14.4,1,300,2,87.0,97.0
6,14.4,1,300,2,77.0,91.0
6,14.4,1,300,3,83.0,85.0
6,14.4,1,300,2,75.0,79.0
6,14.4,1,300,2,85.0,101.0
6,14.4,1,300,2,88.0,102.0
6,14.4,1,300,2,90.0,100.0
6,14.4,1,300,2,90.0,99.0
6,14.4,1,300,2,90.0,99.0
6,14.4,1,300,2,90.0,100.0
6,14.4,1,300,2,90.0,100.0
6,14.4,1,300,2,90.0,100.0
6,14.4,1,300,2,90.0,100.0
6,14.4,1,300,2,90.0,102.0
6,14.4,1,300,2,83.0,95.0
6,14.4,1,300,2,88.0,100.0
6,14.4,1,300,2,80.0,86.0
6,14.4,1,300,2,80.0,82.0
6,14.4,1,300,2,80.0,83.0